Workbook

Sheet Raw Data
A1: index | B1: Sample Name | C1: Site Name | D1: Turbidity | E1: TSS | F1: TP | G1: TN | H1: reflectance_400_nm | I1: reflectance_402_nm | J1: reflectance_404_nm | K1: reflectance_406_nm | L1: reflectance_408_nm | M1: reflectance_410_nm | N1: reflectance_412_nm | O1: reflectance_414_nm | P1: reflectance_416_nm | Q1: reflectance_418_nm | R1: reflectance_420_nm | S1: reflectance_422_nm | T1: reflectance_424_nm | U1: reflectance_426_nm | V1: reflectance_428_nm | W1: reflectance_430_nm | X1: reflectance_432_nm | Y1: reflectance_434_nm | Z1: reflectance_436_nm | AA1: reflectance_438_nm | AB1: reflectance_440_nm | AC1: reflectance_442_nm | AD1: reflectance_444_nm | AE1: reflectance_446_nm | AF1: reflectance_448_nm | AG1: reflectance_450_nm | AH1: reflectance_452_nm | AI1: reflectance_454_nm | AJ1: reflectance_456_nm | AK1: reflectance_458_nm | AL1: reflectance_460_nm | AM1: reflectance_462_nm | AN1: reflectance_464_nm | AO1: reflectance_466_nm | AP1: reflectance_468_nm | AQ1: reflectance_470_nm | AR1: reflectance_472_nm | AS1: reflectance_474_nm | AT1: reflectance_476_nm | AU1: reflectance_478_nm | AV1: reflectance_480_nm | AW1: reflectance_482_nm | AX1: reflectance_484_nm | AY1: reflectance_486_nm | AZ1: reflectance_488_nm | BA1: reflectance_490_nm | BB1: reflectance_492_nm | BC1: reflectance_494_nm | BD1: reflectance_496_nm | BE1: reflectance_498_nm | BF1: reflectance_500_nm | BG1: reflectance_502_nm | BH1: reflectance_504_nm | BI1: reflectance_506_nm | BJ1: reflectance_508_nm | BK1: reflectance_510_nm | BL1: reflectance_512_nm | BM1: reflectance_514_nm | BN1: reflectance_516_nm | BO1: reflectance_518_nm | BP1: reflectance_520_nm | BQ1: reflectance_522_nm | BR1: reflectance_524_nm | BS1: reflectance_526_nm | BT1: reflectance_528_nm | BU1: reflectance_530_nm | BV1: reflectance_532_nm | BW1: reflectance_534_nm | BX1: reflectance_536_nm | BY1: reflectance_538_nm | BZ1: reflectance_540_nm | CA1: reflectance_542_nm | CB1: reflectance_544_nm | CC1: reflectance_546_nm | CD1: reflectance_548_nm | CE1: reflectance_550_nm | CF1: reflectance_552_nm | CG1: reflectance_554_nm | CH1: reflectance_556_nm | CI1: reflectance_558_nm | CJ1: reflectance_560_nm | CK1: reflectance_562_nm | CL1: reflectance_564_nm | CM1: reflectance_566_nm | CN1: reflectance_568_nm | CO1: reflectance_570_nm | CP1: reflectance_572_nm | CQ1: reflectance_574_nm | CR1: reflectance_576_nm | CS1: reflectance_578_nm | CT1: reflectance_580_nm | CU1: reflectance_582_nm | CV1: reflectance_584_nm | CW1: reflectance_586_nm | CX1: reflectance_588_nm | CY1: reflectance_590_nm | CZ1: reflectance_592_nm | DA1: reflectance_594_nm | DB1: reflectance_596_nm | DC1: reflectance_598_nm | DD1: reflectance_600_nm | DE1: reflectance_602_nm | DF1: reflectance_604_nm | DG1: reflectance_606_nm | DH1: reflectance_608_nm | DI1: reflectance_610_nm | DJ1: reflectance_612_nm | DK1: reflectance_614_nm | DL1: reflectance_616_nm | DM1: reflectance_618_nm | DN1: reflectance_620_nm | DO1: reflectance_622_nm | DP1: reflectance_624_nm | DQ1: reflectance_626_nm | DR1: reflectance_628_nm | DS1: reflectance_630_nm | DT1: reflectance_632_nm | DU1: reflectance_634_nm | DV1: reflectance_636_nm | DW1: reflectance_638_nm | DX1: reflectance_640_nm | DY1: reflectance_642_nm | DZ1: reflectance_644_nm | EA1: reflectance_646_nm | EB1: reflectance_648_nm | EC1: reflectance_650_nm | ED1: reflectance_652_nm | EE1: reflectance_654_nm | EF1: reflectance_656_nm | EG1: reflectance_658_nm | EH1: reflectance_660_nm | EI1: reflectance_662_nm | EJ1: reflectance_664_nm | EK1: reflectance_666_nm | EL1: reflectance_668_nm | EM1: reflectance_670_nm | EN1: reflectance_672_nm | EO1: reflectance_674_nm | EP1: reflectance_676_nm | EQ1: reflectance_678_nm | ER1: reflectance_680_nm | ES1: reflectance_682_nm | ET1: reflectance_684_nm | EU1: reflectance_686_nm | EV1: reflectance_688_nm | EW1: reflectance_690_nm | EX1: reflectance_692_nm | EY1: reflectance_694_nm | EZ1: reflectance_696_nm | FA1: reflectance_698_nm | FB1: reflectance_700_nm | FC1: reflectance_702_nm | FD1: reflectance_704_nm | FE1: reflectance_706_nm | FF1: reflectance_708_nm | FG1: reflectance_710_nm | FH1: reflectance_712_nm | FI1: reflectance_714_nm | FJ1: reflectance_716_nm | FK1: reflectance_718_nm | FL1: reflectance_720_nm | FM1: reflectance_722_nm | FN1: reflectance_724_nm | FO1: reflectance_726_nm | FP1: reflectance_728_nm | FQ1: reflectance_730_nm | FR1: reflectance_732_nm | FS1: reflectance_734_nm | FT1: reflectance_736_nm | FU1: reflectance_738_nm | FV1: reflectance_740_nm | FW1: reflectance_742_nm | FX1: reflectance_744_nm | FY1: reflectance_746_nm | FZ1: reflectance_748_nm | GA1: reflectance_750_nm | GB1: reflectance_752_nm | GC1: reflectance_754_nm | GD1: reflectance_756_nm | GE1: reflectance_758_nm | GF1: reflectance_760_nm | GG1: reflectance_762_nm | GH1: reflectance_764_nm | GI1: reflectance_766_nm | GJ1: reflectance_768_nm | GK1: reflectance_770_nm | GL1: reflectance_772_nm | GM1: reflectance_774_nm | GN1: reflectance_776_nm | GO1: reflectance_778_nm | GP1: reflectance_780_nm | GQ1: reflectance_782_nm | GR1: reflectance_784_nm | GS1: reflectance_786_nm | GT1: reflectance_788_nm | GU1: reflectance_790_nm | GV1: reflectance_792_nm | GW1: reflectance_794_nm | GX1: reflectance_796_nm | GY1: reflectance_798_nm | GZ1: reflectance_800_nm | HA1: reflectance_802_nm | HB1: reflectance_804_nm | HC1: reflectance_806_nm | HD1: reflectance_808_nm | HE1: reflectance_810_nm | HF1: reflectance_812_nm | HG1: reflectance_814_nm | HH1: reflectance_816_nm | HI1: reflectance_818_nm | HJ1: reflectance_820_nm | HK1: reflectance_822_nm | HL1: reflectance_824_nm | HM1: reflectance_826_nm | HN1: reflectance_828_nm | HO1: reflectance_830_nm | HP1: reflectance_832_nm | HQ1: reflectance_834_nm | HR1: reflectance_836_nm | HS1: reflectance_838_nm | HT1: reflectance_840_nm | HU1: reflectance_842_nm | HV1: reflectance_844_nm | HW1: reflectance_846_nm | HX1: reflectance_848_nm | HY1: reflectance_850_nm | HZ1: reflectance_852_nm | IA1: reflectance_854_nm | IB1: reflectance_856_nm | IC1: reflectance_858_nm | ID1: reflectance_860_nm | IE1: reflectance_862_nm | IF1: reflectance_864_nm | IG1: reflectance_866_nm | IH1: reflectance_868_nm | II1: reflectance_870_nm | IJ1: reflectance_872_nm | IK1: reflectance_874_nm | IL1: reflectance_876_nm | IM1: reflectance_878_nm | IN1: reflectance_880_nm | IO1: reflectance_882_nm | IP1: reflectance_884_nm | IQ1: reflectance_886_nm | IR1: reflectance_888_nm | IS1: reflectance_890_nm | IT1: reflectance_892_nm | IU1: reflectance_894_nm | IV1: reflectance_896_nm | IW1: reflectance_898_nm | IX1: reflectance_900_nm | IY1: reflectance_902_nm | IZ1: reflectance_904_nm | JA1: reflectance_906_nm | JB1: reflectance_908_nm | JC1: reflectance_910_nm | JD1: reflectance_912_nm | JE1: reflectance_914_nm | JF1: reflectance_916_nm | JG1: reflectance_918_nm | JH1: reflectance_920_nm | JI1: reflectance_922_nm | JJ1: reflectance_924_nm | JK1: reflectance_926_nm | JL1: reflectance_928_nm | JM1: reflectance_930_nm | JN1: reflectance_932_nm | JO1: reflectance_934_nm | JP1: reflectance_936_nm | JQ1: reflectance_938_nm | JR1: reflectance_940_nm | JS1: reflectance_942_nm | JT1: reflectance_944_nm | JU1: reflectance_946_nm | JV1: reflectance_948_nm | JW1: reflectance_950_nm | JX1: reflectance_952_nm | JY1: reflectance_954_nm | JZ1: reflectance_956_nm | KA1: reflectance_958_nm | KB1: reflectance_960_nm | KC1: reflectance_962_nm | KD1: reflectance_964_nm | KE1: reflectance_966_nm | KF1: reflectance_968_nm | KG1: reflectance_970_nm | KH1: reflectance_972_nm | KI1: reflectance_974_nm | KJ1: reflectance_976_nm | KK1: reflectance_978_nm | KL1: reflectance_980_nm | KM1: reflectance_982_nm | KN1: reflectance_984_nm | KO1: reflectance_986_nm | KP1: reflectance_988_nm | KQ1: reflectance_990_nm | KR1: reflectance_992_nm | KS1: reflectance_994_nm | KT1: reflectance_996_nm | KU1: reflectance_998_nm | KV1: reflectance_1000_nm
A2: 1 | B2: R001 | C2: PAK | D2: 209.5 | F2: 12 | G2: 91 | H2: 0.013848036 | I2: 0.013750728 | J2: 0.013757813 | K2: 0.013777011 | L2: 0.013718989 | M2: 0.013640308 | N2: 0.013599958 | O2: 0.013618126 | P2: 0.013652999 | Q2: 0.013652302 | R2: 0.013585968 | S2: 0.01345593 | T2: 0.013327084 | U2: 0.013204298 | V2: 0.013142129 | W2: 0.01308278 | X2: 0.01305459 | Y2: 0.013033219 | Z2: 0.013030368 | AA2: 0.013061034 | AB2: 0.013079132 | AC2: 0.013152289 | AD2: 0.013163223 | AE2: 0.013224049 | AF2: 0.013253963 | AG2: 0.013281967 | AH2: 0.013310122 | AI2: 0.01332945 | AJ2: 0.01337693 | AK2: 0.013374358 | AL2: 0.01341913 | AM2: 0.01342033 | AN2: 0.013453768 | AO2: 0.013483413 | AP2: 0.013497781 | AQ2: 0.01353254 | AR2: 0.013515177 | AS2: 0.013543075 | AT2: 0.013522634 | AU2: 0.013518177 | AV2: 0.013503536 | AW2: 0.013478457 | AX2: 0.01347645 | AY2: 0.01346093 | AZ2: 0.013491259 | BA2: 0.013491843 | BB2: 0.013550299 | BC2: 0.01361249 | BD2: 0.013684852 | BE2: 0.013773968 | BF2: 0.013852065 | BG2: 0.013952988 | BH2: 0.014027879 | BI2: 0.014109303 | BJ2: 0.014159176 | BK2: 0.014212229 | BL2: 0.014258224 | BM2: 0.014294918 | BN2: 0.01433372 | BO2: 0.014345882 | BP2: 0.014338758 | BQ2: 0.014302724 | BR2: 0.014305 | BS2: 0.014329628 | BT2: 0.014331341 | BU2: 0.014318893 | BV2: 0.014280819 | BW2: 0.014269848 | BX2: 0.014239728 | BY2: 0.014218937 | BZ2: 0.014187088 | CA2: 0.014169465 | CB2: 0.014155614 | CC2: 0.014133956 | CD2: 0.014121578 | CE2: 0.014079871 | CF2: 0.014051724 | CG2: 0.01401422 | CH2: 0.013986173 | CI2: 0.013957914 | CJ2: 0.013913048 | CK2: 0.013889651 | CL2: 0.013832993 | CM2: 0.013816835 | CN2: 0.013774725 | CO2: 0.013743575 | CP2: 0.013716979 | CQ2: 0.01367989 | CR2: 0.013664257 | CS2: 0.013621414 | CT2: 0.013605974 | CU2: 0.013564676 | CV2: 0.013537234 | CW2: 0.013508166 | CX2: 0.013475335 | CY2: 0.013444013 | CZ2: 0.013389482 | DA2: 0.013359739 | DB2: 0.013313476 | DC2: 0.013279229 | DD2: 0.013224434 | DE2: 0.013184175 | DF2: 0.01315519 | DG2: 0.013085093 | DH2: 0.013065473 | DI2: 0.013013985 | DJ2: 0.012988609 | DK2: 0.012946247 | DL2: 0.012897501 | DM2: 0.012861762 | DN2: 0.012808922 | DO2: 0.012805245 | DP2: 0.012757137 | DQ2: 0.012749605 | DR2: 0.012716845 | DS2: 0.012699221 | DT2: 0.012682437 | DU2: 0.01265925 | DV2: 0.012671396 | DW2: 0.012654324 | DX2: 0.012672936 | DY2: 0.012656464 | DZ2: 0.012664603 | EA2: 0.012669925 | EB2: 0.012671401 | EC2: 0.012694131 | ED2: 0.012674707 | EE2: 0.012691488 | EF2: 0.012666866 | EG2: 0.012682015 | EH2: 0.012686555 | EI2: 0.012673422 | EJ2: 0.012686301 | EK2: 0.012675654 | EL2: 0.012722906 | EM2: 0.012707139 | EN2: 0.012769974 | EO2: 0.012813241 | EP2: 0.012874161 | EQ2: 0.012943309 | ER2: 0.012968579 | ES2: 0.01302991 | ET2: 0.013031364 | EU2: 0.013050911 | EV2: 0.013027338 | EW2: 0.012983328 | EX2: 0.012941747 | EY2: 0.01288663 | EZ2: 0.012876975 | FA2: 0.012847307 | FB2: 0.012829969 | FC2: 0.012759337 | FD2: 0.012748659 | FE2: 0.012731399 | FF2: 0.012670153 | FG2: 0.012628872 | FH2: 0.012555701 | FI2: 0.012533545 | FJ2: 0.012468752 | FK2: 0.012426256 | FL2: 0.012359822 | FM2: 0.01228196 | FN2: 0.012216053 | FO2: 0.012113588 | FP2: 0.012042262 | FQ2: 0.011907385 | FR2: 0.011817552 | FS2: 0.011713149 | FT2: 0.011602275 | FU2: 0.011523983 | FV2: 0.011481996 | FW2: 0.01146083 | FX2: 0.011416791 | FY2: 0.011414294 | FZ2: 0.011411668 | GA2: 0.011396506 | GB2: 0.011372554 | GC2: 0.011344284 | GD2: 0.0113478 | GE2: 0.011265974 | GF2: 0.011274887 | GG2: 0.011233962 | GH2: 0.011247208 | GI2: 0.011261487 | GJ2: 0.011285249 | GK2: 0.011306267 | GL2: 0.011285417 | GM2: 0.011313138 | GN2: 0.011311648 | GO2: 0.011326493 | GP2: 0.011336095 | GQ2: 0.011344677 | GR2: 0.011362133 | GS2: 0.011359825 | GT2: 0.011388599 | GU2: 0.011407611 | GV2: 0.01143952 | GW2: 0.011454723 | GX2: 0.011466117 | GY2: 0.011493705 | GZ2: 0.011512578 | HA2: 0.011550613 | HB2: 0.011572671 | HC2: 0.011603317 | HD2: 0.011607392 | HE2: 0.011627368 | HF2: 0.011648697 | HG2: 0.011641316 | HH2: 0.011648703 | HI2: 0.011708051 | HJ2: 0.011714455 | HK2: 0.011656352 | HL2: 0.011623257 | HM2: 0.011558309 | HN2: 0.01153808 | HO2: 0.011483478 | HP2: 0.011408787 | HQ2: 0.011350745 | HR2: 0.01133669 | HS2: 0.011312374 | HT2: 0.011241322 | HU2: 0.011240739 | HV2: 0.01121663 | HW2: 0.011146585 | HX2: 0.011144778 | HY2: 0.011184722 | HZ2: 0.011173376 | IA2: 0.011126732 | IB2: 0.011080377 | IC2: 0.011026288 | ID2: 0.011056532 | IE2: 0.011059211 | IF2: 0.010991209 | IG2: 0.010954757 | IH2: 0.010921741 | II2: 0.010850868 | IJ2: 0.010777955 | IK2: 0.01065433 | IL2: 0.010549928 | IM2: 0.010565513 | IN2: 0.010464391 | IO2: 0.010365885 | IP2: 0.01026866 | IQ2: 0.010171016 | IR2: 0.010104998 | IS2: 0.010021357 | IT2: 0.0098848533 | IU2: 0.009773929 | IV2: 0.0097079492 | IW2: 0.0096049484 | IX2: 0.0094758724 | IY2: 0.0092923714 | IZ2: 0.0091068541 | JA2: 0.0089787045 | JB2: 0.0087502005 | JC2: 0.0085510796 | JD2: 0.0084159365 | JE2: 0.0082816568 | JF2: 0.0081444118 | JG2: 0.0080525949 | JH2: 0.0080339221 | JI2: 0.0080629427 | JJ2: 0.0081815417 | JK2: 0.008286437 | JL2: 0.0083369474 | JM2: 0.0084226736 | JN2: 0.0084539939 | JO2: 0.0084621086 | JP2: 0.0084381469 | JQ2: 0.0083103867 | JR2: 0.0081977493 | JS2: 0.008073686 | JT2: 0.0079187822 | JU2: 0.0077368033 | JV2: 0.0074744207 | JW2: 0.0071854145 | JX2: 0.0070090796 | JY2: 0.0067241736 | JZ2: 0.0064835674 | KA2: 0.0062414154 | KB2: 0.0060361567 | KC2: 0.0059300103 | KD2: 0.005836607 | KE2: 0.0057840378 | KF2: 0.005760387 | KG2: 0.0057500645 | KH2: 0.0058293608 | KI2: 0.00603327 | KJ2: 0.0063146227 | KK2: 0.0067330896 | KL2: 0.0073345062 | KM2: 0.0080938178 | KN2: 0.0092223435 | KO2: 0.010416212 | KP2: 0.011875189 | KQ2: 0.01344613 | KR2: 0.015047338 | KS2: 0.016717978 | KT2: 0.01822425 | KU2: 0.019601072 | KV2: 0.020933554
A3: 2 | B3: R002 | C3: PAK | D3: 167 | E3: 86.206897 | F3: 13 | G3: 64.8 | H3: 0.014123659 | I3: 0.014034223 | J3: 0.014041325 | K3: 0.014075154 | L3: 0.014067637 | M3: 0.014007393 | N3: 0.013876975 | O3: 0.013900978 | P3: 0.01394664 | Q3: 0.013976186 | R3: 0.013892529 | S3: 0.013744874 | T3: 0.013571738 | U3: 0.013420106 | V3: 0.013326731 | W3: 0.01321358 | X3: 0.013175097 | Y3: 0.013138836 | Z3: 0.013134864 | AA3: 0.013165111 | AB3: 0.013192729 | AC3: 0.013250535 | AD3: 0.013255135 | AE3: 0.013316565 | AF3: 0.013337778 | AG3: 0.01336478 | AH3: 0.013395477 | AI3: 0.013407455 | AJ3: 0.013447622 | AK3: 0.013451064 | AL3: 0.013498401 | AM3: 0.013509939 | AN3: 0.013556925 | AO3: 0.013597588 | AP3: 0.013621595 | AQ3: 0.013667871 | AR3: 0.013673369 | AS3: 0.013701834 | AT3: 0.013679971 | AU3: 0.013688802 | AV3: 0.01368384 | AW3: 0.013667031 | AX3: 0.013671298 | AY3: 0.013664234 | AZ3: 0.013702087 | BA3: 0.013737345 | BB3: 0.013817927 | BC3: 0.013889406 | BD3: 0.013974878 | BE3: 0.014079053 | BF3: 0.014176437 | BG3: 0.014299553 | BH3: 0.014392816 | BI3: 0.014489458 | BJ3: 0.014561117 | BK3: 0.014633529 | BL3: 0.014697914 | BM3: 0.014745669 | BN3: 0.014801278 | BO3: 0.01484524 | BP3: 0.014854845 | BQ3: 0.01484656 | BR3: 0.014866164 | BS3: 0.014902395 | BT3: 0.014941374 | BU3: 0.014969854 | BV3: 0.014955509 | BW3: 0.014963448 | BX3: 0.014948588 | BY3: 0.014943927 | BZ3: 0.014931943 | CA3: 0.014934267 | CB3: 0.014942685 | CC3: 0.014923919 | CD3: 0.014927971 | CE3: 0.014907852 | CF3: 0.014902314 | CG3: 0.014882485 | CH3: 0.014863058 | CI3: 0.014848416 | CJ3: 0.014815901 | CK3: 0.014807446 | CL3: 0.014777872 | CM3: 0.014764357 | CN3: 0.01473451 | CO3: 0.014724055 | CP3: 0.014711047 | CQ3: 0.014683237 | CR3: 0.014675751 | CS3: 0.01464633 | CT3: 0.014642781 | CU3: 0.014619182 | CV3: 0.014604288 | CW3: 0.014584917 | CX3: 0.014562319 | CY3: 0.01454169 | CZ3: 0.014504982 | DA3: 0.014475955 | DB3: 0.014419998 | DC3: 0.014394508 | DD3: 0.014353066 | DE3: 0.014311978 | DF3: 0.014291059 | DG3: 0.014237853 | DH3: 0.014223958 | DI3: 0.014163878 | DJ3: 0.014139648 | DK3: 0.014092858 | DL3: 0.014059113 | DM3: 0.014036047 | DN3: 0.013996381 | DO3: 0.014002005 | DP3: 0.013965934 | DQ3: 0.013966284 | DR3: 0.01394457 | DS3: 0.013941711 | DT3: 0.013939912 | DU3: 0.013927586 | DV3: 0.013950755 | DW3: 0.013913859 | DX3: 0.01393126 | DY3: 0.013903394 | DZ3: 0.013922812 | EA3: 0.013939211 | EB3: 0.013935789 | EC3: 0.013966046 | ED3: 0.013940253 | EE3: 0.013966098 | EF3: 0.013938488 | EG3: 0.013951101 | EH3: 0.013950724 | EI3: 0.013935157 | EJ3: 0.013946083 | EK3: 0.013920975 | EL3: 0.013972124 | EM3: 0.013984464 | EN3: 0.014039937 | EO3: 0.014060647 | EP3: 0.014095989 | EQ3: 0.014136222 | ER3: 0.014146537 | ES3: 0.014187869 | ET3: 0.014159198 | EU3: 0.014158731 | EV3: 0.014121898 | EW3: 0.014090388 | EX3: 0.014058968 | EY3: 0.014032566 | EZ3: 0.014039322 | FA3: 0.013990203 | FB3: 0.013996893 | FC3: 0.013967296 | FD3: 0.013941644 | FE3: 0.013909769 | FF3: 0.013862956 | FG3: 0.013826823 | FH3: 0.01377202 | FI3: 0.013758501 | FJ3: 0.013699442 | FK3: 0.01366428 | FL3: 0.013594258 | FM3: 0.013515535 | FN3: 0.013446413 | FO3: 0.013336572 | FP3: 0.013259235 | FQ3: 0.013134174 | FR3: 0.013047532 | FS3: 0.01293712 | FT3: 0.012831808 | FU3: 0.012758816 | FV3: 0.012701509 | FW3: 0.012686255 | FX3: 0.012667982 | FY3: 0.012651203 | FZ3: 0.012633267 | GA3: 0.012611874 | GB3: 0.012587364 | GC3: 0.012555676 | GD3: 0.012566454 | GE3: 0.012526926 | GF3: 0.012537116 | GG3: 0.012534186 | GH3: 0.012525298 | GI3: 0.012496718 | GJ3: 0.012486377 | GK3: 0.012496821 | GL3: 0.012497013 | GM3: 0.012523352 | GN3: 0.012526928 | GO3: 0.012523748 | GP3: 0.012518935 | GQ3: 0.0125129 | GR3: 0.01252528 | GS3: 0.012531175 | GT3: 0.012557085 | GU3: 0.01256083 | GV3: 0.012594146 | GW3: 0.012606465 | GX3: 0.012648459 | GY3: 0.012698495 | GZ3: 0.012696442 | HA3: 0.012726347 | HB3: 0.012739175 | HC3: 0.012777723 | HD3: 0.012771794 | HE3: 0.012777513 | HF3: 0.012807569 | HG3: 0.012850372 | HH3: 0.012875346 | HI3: 0.012847362 | HJ3: 0.012853972 | HK3: 0.012778385 | HL3: 0.012796129 | HM3: 0.012730899 | HN3: 0.012632471 | HO3: 0.012580665 | HP3: 0.012471519 | HQ3: 0.012409855 | HR3: 0.012386781 | HS3: 0.01239292 | HT3: 0.01238398 | HU3: 0.012360779 | HV3: 0.012328929 | HW3: 0.012316906 | HX3: 0.012305874 | HY3: 0.012285367 | HZ3: 0.01227695 | IA3: 0.012253911 | IB3: 0.012207724 | IC3: 0.012167704 | ID3: 0.012119936 | IE3: 0.012084243 | IF3: 0.012032039 | IG3: 0.011978569 | IH3: 0.011859843 | II3: 0.011794637 | IJ3: 0.011724909 | IK3: 0.011604711 | IL3: 0.011514633 | IM3: 0.011393866 | IN3: 0.011301895 | IO3: 0.011256693 | IP3: 0.011116067 | IQ3: 0.010958947 | IR3: 0.010903542 | IS3: 0.010825349 | IT3: 0.010737145 | IU3: 0.010617123 | IV3: 0.010467701 | IW3: 0.010370432 | IX3: 0.010267403 | IY3: 0.01005182 | IZ3: 0.00985149 | JA3: 0.0097248937 | JB3: 0.0094838093 | JC3: 0.0093268146 | JD3: 0.0091687355 | JE3: 0.0090187163 | JF3: 0.0089214174 | JG3: 0.0088919995 | JH3: 0.0088329131 | JI3: 0.0088631584 | JJ3: 0.0089753179 | JK3: 0.0090772207 | JL3: 0.0092322649 | JM3: 0.0093404419 | JN3: 0.0093545891 | JO3: 0.0093221843 | JP3: 0.0092970637 | JQ3: 0.0092340789 | JR3: 0.0090876762 | JS3: 0.0088240906 | JT3: 0.0087093834 | JU3: 0.0086123115 | JV3: 0.0084516622 | JW3: 0.0082346075 | JX3: 0.007965206 | JY3: 0.0076461165 | JZ3: 0.0073723672 | KA3: 0.007164208 | KB3: 0.0070162467 | KC3: 0.0068885868 | KD3: 0.0067819692 | KE3: 0.0066944616 | KF3: 0.006668209 | KG3: 0.0066859631 | KH3: 0.0067537327 | KI3: 0.0069014943 | KJ3: 0.0071764899 | KK3: 0.0076071526 | KL3: 0.0082752464 | KM3: 0.0090293063 | KN3: 0.0099662412 | KO3: 0.011122459 | KP3: 0.012544253 | KQ3: 0.014213566 | KR3: 0.015952522 | KS3: 0.017732424 | KT3: 0.019314735 | KU3: 0.021004952 | KV3: 0.022203906
A4: 3 | B4: R003 | C4: PAK | D4: 219.5 | F4: 11 | G4: 60 | H4: 0.019393333 | I4: 0.019486394 | J4: 0.019675654 | K4: 0.019809047 | L4: 0.019813005 | M4: 0.01972059 | N4: 0.019588872 | O4: 0.019631823 | P4: 0.019673238 | Q4: 0.01970031 | R4: 0.019592089 | S4: 0.019420925 | T4: 0.019270848 | U4: 0.01921931 | V4: 0.019214417 | W4: 0.019200147 | X4: 0.019239409 | Y4: 0.01927189 | Z4: 0.01932899 | AA4: 0.019431862 | AB4: 0.019509556 | AC4: 0.019647029 | AD4: 0.019711347 | AE4: 0.019815849 | AF4: 0.019882767 | AG4: 0.019954565 | AH4: 0.020024294 | AI4: 0.02008921 | AJ4: 0.020172545 | AK4: 0.020210533 | AL4: 0.020290845 | AM4: 0.02035729 | AN4: 0.020433401 | AO4: 0.02050686 | AP4: 0.020577678 | AQ4: 0.020665093 | AR4: 0.020719875 | AS4: 0.02078613 | AT4: 0.020823115 | AU4: 0.020851416 | AV4: 0.020869581 | AW4: 0.020907334 | AX4: 0.020949238 | AY4: 0.020973115 | AZ4: 0.021039926 | BA4: 0.021128065 | BB4: 0.021223976 | BC4: 0.021335589 | BD4: 0.021462672 | BE4: 0.021603305 | BF4: 0.021740246 | BG4: 0.021873307 | BH4: 0.022011395 | BI4: 0.022127115 | BJ4: 0.022234032 | BK4: 0.022326811 | BL4: 0.022408239 | BM4: 0.022498566 | BN4: 0.022575183 | BO4: 0.022636399 | BP4: 0.022649518 | BQ4: 0.022647015 | BR4: 0.02267686 | BS4: 0.022742939 | BT4: 0.022798205 | BU4: 0.022805532 | BV4: 0.022817021 | BW4: 0.022807384 | BX4: 0.022807442 | BY4: 0.022802041 | BZ4: 0.022807467 | CA4: 0.022810559 | CB4: 0.022807475 | CC4: 0.022805572 | CD4: 0.022783641 | CE4: 0.022777501 | CF4: 0.022761019 | CG4: 0.022743368 | CH4: 0.022718984 | CI4: 0.022688993 | CJ4: 0.022670961 | CK4: 0.022634577 | CL4: 0.022622013 | CM4: 0.022592681 | CN4: 0.022570293 | CO4: 0.022543684 | CP4: 0.022528914 | CQ4: 0.022518284 | CR4: 0.022491921 | CS4: 0.022472822 | CT4: 0.022459828 | CU4: 0.022431515 | CV4: 0.022405826 | CW4: 0.022373966 | CX4: 0.022336395 | CY4: 0.02228784 | CZ4: 0.022249896 | DA4: 0.02217867 | DB4: 0.022121694 | DC4: 0.022057982 | DD4: 0.021991878 | DE4: 0.02192456 | DF4: 0.021871556 | DG4: 0.021811545 | DH4: 0.021766332 | DI4: 0.021687582 | DJ4: 0.02163498 | DK4: 0.021568162 | DL4: 0.021508969 | DM4: 0.021471614 | DN4: 0.021412323 | DO4: 0.021385309 | DP4: 0.021341056 | DQ4: 0.021311913 | DR4: 0.021277414 | DS4: 0.021244167 | DT4: 0.021227573 | DU4: 0.02120265 | DV4: 0.021210446 | DW4: 0.021167805 | DX4: 0.021175519 | DY4: 0.021152894 | DZ4: 0.021162935 | EA4: 0.02116785 | EB4: 0.021163329 | EC4: 0.021176296 | ED4: 0.021155641 | EE4: 0.021154383 | EF4: 0.021089843 | EG4: 0.021079621 | EH4: 0.021049366 | EI4: 0.021042783 | EJ4: 0.021042663 | EK4: 0.021019183 | EL4: 0.021050905 | EM4: 0.021039713 | EN4: 0.021092083 | EO4: 0.021109958 | EP4: 0.021154713 | EQ4: 0.02119431 | ER4: 0.021196225 | ES4: 0.021229109 | ET4: 0.021178003 | EU4: 0.021161219 | EV4: 0.021110613 | EW4: 0.021059818 | EX4: 0.021027883 | EY4: 0.02098918 | EZ4: 0.020987754 | FA4: 0.020922242 | FB4: 0.020899302 | FC4: 0.020841476 | FD4: 0.020797625 | FE4: 0.020741025 | FF4: 0.020679701 | FG4: 0.020625838 | FH4: 0.020507866 | FI4: 0.020451685 | FJ4: 0.020369458 | FK4: 0.020306702 | FL4: 0.020210407 | FM4: 0.020091025 | FN4: 0.019975557 | FO4: 0.019812418 | FP4: 0.019684323 | FQ4: 0.019488036 | FR4: 0.019299839 | FS4: 0.019090495 | FT4: 0.018975625 | FU4: 0.018882222 | FV4: 0.018792444 | FW4: 0.018742019 | FX4: 0.018640985 | FY4: 0.018603227 | FZ4: 0.0185522 | GA4: 0.018517096 | GB4: 0.01849061 | GC4: 0.01845504 | GD4: 0.018441334 | GE4: 0.018413816 | GF4: 0.018384763 | GG4: 0.018319564 | GH4: 0.018299474 | GI4: 0.018273076 | GJ4: 0.018227247 | GK4: 0.018209446 | GL4: 0.018176653 | GM4: 0.018185754 | GN4: 0.018198139 | GO4: 0.018203702 | GP4: 0.018187501 | GQ4: 0.018182688 | GR4: 0.018208806 | GS4: 0.018205958 | GT4: 0.018246913 | GU4: 0.018228599 | GV4: 0.018246148 | GW4: 0.018225737 | GX4: 0.01824865 | GY4: 0.018283143 | GZ4: 0.018279231 | HA4: 0.018310253 | HB4: 0.01831369 | HC4: 0.018334165 | HD4: 0.018321746 | HE4: 0.018347428 | HF4: 0.018370643 | HG4: 0.018316394 | HH4: 0.018266263 | HI4: 0.018234126 | HJ4: 0.018200764 | HK4: 0.018081569 | HL4: 0.018014862 | HM4: 0.017906918 | HN4: 0.017760115 | HO4: 0.017656441 | HP4: 0.017519197 | HQ4: 0.017408839 | HR4: 0.017324079 | HS4: 0.017272145 | HT4: 0.017169407 | HU4: 0.017078032 | HV4: 0.017019413 | HW4: 0.016959216 | HX4: 0.016901553 | HY4: 0.016783606 | HZ4: 0.016794767 | IA4: 0.016795084 | IB4: 0.016713996 | IC4: 0.016628107 | ID4: 0.016651139 | IE4: 0.016604033 | IF4: 0.016326653 | IG4: 0.016279741 | IH4: 0.016204738 | II4: 0.016134332 | IJ4: 0.016066939 | IK4: 0.0159663 | IL4: 0.015873697 | IM4: 0.015736419 | IN4: 0.015640292 | IO4: 0.015574138 | IP4: 0.015442472 | IQ4: 0.015318836 | IR4: 0.015222939 | IS4: 0.015111282 | IT4: 0.014991675 | IU4: 0.014853421 | IV4: 0.014646807 | IW4: 0.014502042 | IX4: 0.014336907 | IY4: 0.014190062 | IZ4: 0.014023059 | JA4: 0.013864049 | JB4: 0.013648362 | JC4: 0.013399349 | JD4: 0.013270578 | JE4: 0.013141514 | JF4: 0.013046384 | JG4: 0.012995742 | JH4: 0.012951052 | JI4: 0.012930204 | JJ4: 0.012924255 | JK4: 0.012896539 | JL4: 0.012839322 | JM4: 0.012715994 | JN4: 0.012501354 | JO4: 0.012270567 | JP4: 0.012089765 | JQ4: 0.011790615 | JR4: 0.011515226 | JS4: 0.011249256 | JT4: 0.010987933 | JU4: 0.010730662 | JV4: 0.010429088 | JW4: 0.010055146 | JX4: 0.0096770594 | JY4: 0.0092766634 | JZ4: 0.0089130117 | KA4: 0.0086281 | KB4: 0.0083991636 | KC4: 0.0081720299 | KD4: 0.0079983238 | KE4: 0.0079736448 | KF4: 0.0079606687 | KG4: 0.007972075 | KH4: 0.0080379655 | KI4: 0.0081766533 | KJ4: 0.0083822235 | KK4: 0.0087376796 | KL4: 0.0093724102 | KM4: 0.010095563 | KN4: 0.011273181 | KO4: 0.012390581 | KP4: 0.013756719 | KQ4: 0.015296694 | KR4: 0.016943959 | KS4: 0.018711967 | KT4: 0.020267308 | KU4: 0.021586618 | KV4: 0.022782016
A5: 4 | B5: R004 | C5: PAK | D5: 185 | E5: 359.375 | F5: 10 | G5: 32 | H5: 0.017419107 | I5: 0.017459148 | J5: 0.017659961 | K5: 0.017835801 | L5: 0.017870673 | M5: 0.017836217 | N5: 0.01781996 | O5: 0.017885314 | P5: 0.017987225 | Q5: 0.0180194 | R5: 0.017931668 | S5: 0.017713115 | T5: 0.017528051 | U5: 0.017444778 | V5: 0.017414304 | W5: 0.017400054 | X5: 0.017409258 | Y5: 0.017434086 | Z5: 0.017473339 | AA5: 0.017536861 | AB5: 0.01757992 | AC5: 0.017676985 | AD5: 0.01772799 | AE5: 0.017800249 | AF5: 0.017838034 | AG5: 0.017888069 | AH5: 0.017929741 | AI5: 0.017961635 | AJ5: 0.018025774 | AK5: 0.018053331 | AL5: 0.018101725 | AM5: 0.018123913 | AN5: 0.018163436 | AO5: 0.01820955 | AP5: 0.018260837 | AQ5: 0.018316292 | AR5: 0.018306835 | AS5: 0.018342635 | AT5: 0.018330025 | AU5: 0.018337381 | AV5: 0.018337392 | AW5: 0.018330637 | AX5: 0.018339961 | AY5: 0.018339149 | AZ5: 0.018389416 | BA5: 0.018430356 | BB5: 0.018519841 | BC5: 0.018620418 | BD5: 0.01874087 | BE5: 0.018869903 | BF5: 0.019003273 | BG5: 0.019138077 | BH5: 0.019252408 | BI5: 0.019361075 | BJ5: 0.019458903 | BK5: 0.019538542 | BL5: 0.019611875 | BM5: 0.019682888 | BN5: 0.019741246 | BO5: 0.019795847 | BP5: 0.01980111 | BQ5: 0.019792699 | BR5: 0.019823583 | BS5: 0.019872555 | BT5: 0.019908276 | BU5: 0.019914511 | BV5: 0.019912722 | BW5: 0.019899569 | BX5: 0.019893675 | BY5: 0.019883163 | BZ5: 0.019871092 | CA5: 0.019869055 | CB5: 0.019858642 | CC5: 0.01985626 | CD5: 0.019839897 | CE5: 0.01981411 | CF5: 0.019799208 | CG5: 0.019784045 | CH5: 0.019751155 | CI5: 0.019720854 | CJ5: 0.019695159 | CK5: 0.019669215 | CL5: 0.019656916 | CM5: 0.019630959 | CN5: 0.019604761 | CO5: 0.019592709 | CP5: 0.019589386 | CQ5: 0.019587506 | CR5: 0.019591611 | CS5: 0.019569329 | CT5: 0.01955758 | CU5: 0.019532778 | CV5: 0.019506898 | CW5: 0.019476875 | CX5: 0.019437032 | CY5: 0.019396385 | CZ5: 0.01933634 | DA5: 0.019282544 | DB5: 0.019202564 | DC5: 0.019137401 | DD5: 0.019074312 | DE5: 0.019006624 | DF5: 0.018959737 | DG5: 0.018889684 | DH5: 0.018841663 | DI5: 0.018775047 | DJ5: 0.01872736 | DK5: 0.018670478 | DL5: 0.018595379 | DM5: 0.018544819 | DN5: 0.018492648 | DO5: 0.018474208 | DP5: 0.018418881 | DQ5: 0.018392163 | DR5: 0.018357893 | DS5: 0.018339157 | DT5: 0.018322037 | DU5: 0.018293158 | DV5: 0.018293785 | DW5: 0.018265318 | DX5: 0.018284511 | DY5: 0.018263517 | DZ5: 0.018261122 | EA5: 0.018254504 | EB5: 0.018254553 | EC5: 0.018265272 | ED5: 0.018235613 | EE5: 0.018245853 | EF5: 0.018205308 | EG5: 0.01820006 | EH5: 0.018172901 | EI5: 0.018166492 | EJ5: 0.018181127 | EK5: 0.018156208 | EL5: 0.018183789 | EM5: 0.01816319 | EN5: 0.018212067 | EO5: 0.018234594 | EP5: 0.018270194 | EQ5: 0.018309389 | ER5: 0.018311757 | ES5: 0.018334876 | ET5: 0.018309838 | EU5: 0.018313431 | EV5: 0.018256643 | EW5: 0.018193733 | EX5: 0.018144956 | EY5: 0.018127914 | EZ5: 0.018132842 | FA5: 0.018076657 | FB5: 0.018064036 | FC5: 0.017998117 | FD5: 0.017970773 | FE5: 0.017923507 | FF5: 0.017840283 | FG5: 0.017782501 | FH5: 0.017703848 | FI5: 0.017660435 | FJ5: 0.017574006 | FK5: 0.017523314 | FL5: 0.017435312 | FM5: 0.01733739 | FN5: 0.017249322 | FO5: 0.017068841 | FP5: 0.016951071 | FQ5: 0.016750304 | FR5: 0.016598914 | FS5: 0.016440722 | FT5: 0.016316248 | FU5: 0.016215609 | FV5: 0.016134882 | FW5: 0.016094836 | FX5: 0.016033206 | FY5: 0.016003448 | FZ5: 0.015958911 | GA5: 0.015932137 | GB5: 0.015900197 | GC5: 0.015868493 | GD5: 0.015876144 | GE5: 0.015793786 | GF5: 0.015792085 | GG5: 0.015756363 | GH5: 0.015735385 | GI5: 0.015715284 | GJ5: 0.015718772 | GK5: 0.015728952 | GL5: 0.015708143 | GM5: 0.015722812 | GN5: 0.01570004 | GO5: 0.015696945 | GP5: 0.015701965 | GQ5: 0.015704161 | GR5: 0.015733387 | GS5: 0.015728238 | GT5: 0.015767405 | GU5: 0.015785421 | GV5: 0.01582576 | GW5: 0.015849448 | GX5: 0.015840283 | GY5: 0.015852819 | GZ5: 0.01584917 | HA5: 0.015889199 | HB5: 0.015896784 | HC5: 0.015930885 | HD5: 0.015956579 | HE5: 0.015939789 | HF5: 0.015932629 | HG5: 0.015893552 | HH5: 0.015871614 | HI5: 0.01582159 | HJ5: 0.01582444 | HK5: 0.015795378 | HL5: 0.015808948 | HM5: 0.015678222 | HN5: 0.015459584 | HO5: 0.015355062 | HP5: 0.015279689 | HQ5: 0.015180745 | HR5: 0.015078114 | HS5: 0.015031888 | HT5: 0.014980682 | HU5: 0.014900888 | HV5: 0.01485345 | HW5: 0.01483422 | HX5: 0.014795407 | HY5: 0.01473251 | HZ5: 0.014726558 | IA5: 0.014738124 | IB5: 0.014678591 | IC5: 0.01462 | ID5: 0.014566268 | IE5: 0.014504145 | IF5: 0.014325647 | IG5: 0.014293122 | IH5: 0.014215992 | II5: 0.014130128 | IJ5: 0.014043704 | IK5: 0.01395667 | IL5: 0.013868397 | IM5: 0.013798711 | IN5: 0.013671272 | IO5: 0.013525288 | IP5: 0.013459851 | IQ5: 0.013401014 | IR5: 0.013279142 | IS5: 0.013148877 | IT5: 0.013016567 | IU5: 0.012892686 | IV5: 0.012790977 | IW5: 0.012686766 | IX5: 0.012574479 | IY5: 0.012400256 | IZ5: 0.012236397 | JA5: 0.012040987 | JB5: 0.01180735 | JC5: 0.011630502 | JD5: 0.011504587 | JE5: 0.011388336 | JF5: 0.011280996 | JG5: 0.011207438 | JH5: 0.011145959 | JI5: 0.011160975 | JJ5: 0.011162249 | JK5: 0.011172068 | JL5: 0.011199737 | JM5: 0.01114684 | JN5: 0.010990968 | JO5: 0.010828416 | JP5: 0.010681225 | JQ5: 0.010520538 | JR5: 0.010298228 | JS5: 0.010052404 | JT5: 0.0097804265 | JU5: 0.0094900989 | JV5: 0.0090851286 | JW5: 0.0086935468 | JX5: 0.0084292237 | JY5: 0.0080701602 | JZ5: 0.007720499 | KA5: 0.0074786936 | KB5: 0.0073001191 | KC5: 0.0071554585 | KD5: 0.0070304724 | KE5: 0.006914089 | KF5: 0.006860026 | KG5: 0.006936548 | KH5: 0.0070200342 | KI5: 0.0072165856 | KJ5: 0.0074395774 | KK5: 0.0078023654 | KL5: 0.0084251986 | KM5: 0.0091375461 | KN5: 0.010319075 | KO5: 0.011507402 | KP5: 0.012906776 | KQ5: 0.014601108 | KR5: 0.01642353 | KS5: 0.017848428 | KT5: 0.019250896 | KU5: 0.020795489 | KV5: 0.022009914
A6: 5 | B6: R005 | C6: PAK | D6: 225 | E6: 285.71429 | F6: 11 | G6: 44 | H6: 0.020592248 | I6: 0.020737946 | J6: 0.021036027 | K6: 0.021263236 | L6: 0.021273391 | M6: 0.021191978 | N6: 0.021046691 | O6: 0.021119998 | P6: 0.021260496 | Q6: 0.02130674 | R6: 0.021221902 | S6: 0.021036453 | T6: 0.020902164 | U6: 0.020772891 | V6: 0.020800369 | W6: 0.020835274 | X6: 0.020885757 | Y6: 0.020936119 | Z6: 0.021010804 | AA6: 0.021128415 | AB6: 0.021261584 | AC6: 0.021410664 | AD6: 0.021498639 | AE6: 0.021620823 | AF6: 0.021709689 | AG6: 0.021790207 | AH6: 0.021859168 | AI6: 0.021949701 | AJ6: 0.022043972 | AK6: 0.022105349 | AL6: 0.022204893 | AM6: 0.022292604 | AN6: 0.022386646 | AO6: 0.022485717 | AP6: 0.02257988 | AQ6: 0.022673411 | AR6: 0.022756794 | AS6: 0.022847577 | AT6: 0.022894229 | AU6: 0.022937432 | AV6: 0.022974147 | AW6: 0.023016306 | AX6: 0.023065878 | AY6: 0.023130949 | AZ6: 0.023222543 | BA6: 0.023341302 | BB6: 0.023475862 | BC6: 0.023625488 | BD6: 0.023797058 | BE6: 0.023969312 | BF6: 0.024171746 | BG6: 0.024353439 | BH6: 0.024518136 | BI6: 0.024671646 | BJ6: 0.024812663 | BK6: 0.024940744 | BL6: 0.025061342 | BM6: 0.025190131 | BN6: 0.02528833 | BO6: 0.025387036 | BP6: 0.02541646 | BQ6: 0.02544436 | BR6: 0.02549449 | BS6: 0.025566655 | BT6: 0.025638408 | BU6: 0.025661337 | BV6: 0.02568069 | BW6: 0.025678884 | BX6: 0.025692701 | BY6: 0.025704463 | BZ6: 0.025717831 | CA6: 0.025716789 | CB6: 0.025712539 | CC6: 0.025712744 | CD6: 0.025685532 | CE6: 0.025683472 | CF6: 0.025654608 | CG6: 0.025636583 | CH6: 0.025612226 | CI6: 0.025578322 | CJ6: 0.025552995 | CK6: 0.025521148 | CL6: 0.025510934 | CM6: 0.025473486 | CN6: 0.025443316 | CO6: 0.025426246 | CP6: 0.025407565 | CQ6: 0.025399674 | CR6: 0.025378912 | CS6: 0.025379845 | CT6: 0.02535853 | CU6: 0.025344363 | CV6: 0.025312253 | CW6: 0.025274301 | CX6: 0.025236091 | CY6: 0.025182592 | CZ6: 0.02511666 | DA6: 0.025039264 | DB6: 0.024979169 | DC6: 0.024895631 | DD6: 0.024814663 | DE6: 0.024729971 | DF6: 0.024658899 | DG6: 0.024587174 | DH6: 0.024517926 | DI6: 0.02444118 | DJ6: 0.02437056 | DK6: 0.024285026 | DL6: 0.024212279 | DM6: 0.024147124 | DN6: 0.024087454 | DO6: 0.024042954 | DP6: 0.023992083 | DQ6: 0.023953855 | DR6: 0.023888653 | DS6: 0.023866578 | DT6: 0.023851653 | DU6: 0.023823798 | DV6: 0.023827604 | DW6: 0.023789933 | DX6: 0.023801255 | DY6: 0.023779904 | DZ6: 0.023774614 | EA6: 0.023760704 | EB6: 0.023765037 | EC6: 0.023772903 | ED6: 0.023728613 | EE6: 0.023723416 | EF6: 0.023688049 | EG6: 0.023672832 | EH6: 0.023648424 | EI6: 0.023629998 | EJ6: 0.023621331 | EK6: 0.023586111 | EL6: 0.023616909 | EM6: 0.023604965 | EN6: 0.023655683 | EO6: 0.023674601 | EP6: 0.023728798 | EQ6: 0.023777122 | ER6: 0.023782288 | ES6: 0.023811818 | ET6: 0.023759672 | EU6: 0.023738176 | EV6: 0.023684858 | EW6: 0.023630912 | EX6: 0.023581533 | EY6: 0.02355272 | EZ6: 0.023550115 | FA6: 0.023451936 | FB6: 0.023419129 | FC6: 0.023323165 | FD6: 0.0232699 | FE6: 0.023199817 | FF6: 0.02312248 | FG6: 0.023054747 | FH6: 0.022973442 | FI6: 0.022910103 | FJ6: 0.022796168 | FK6: 0.022720774 | FL6: 0.022605672 | FM6: 0.022470998 | FN6: 0.022338271 | FO6: 0.022151587 | FP6: 0.021987943 | FQ6: 0.021766714 | FR6: 0.02156729 | FS6: 0.021356459 | FT6: 0.021199818 | FU6: 0.021085811 | FV6: 0.020979882 | FW6: 0.020922967 | FX6: 0.02084245 | FY6: 0.020796712 | FZ6: 0.020725765 | GA6: 0.020696435 | GB6: 0.020663161 | GC6: 0.020609086 | GD6: 0.020593554 | GE6: 0.020538883 | GF6: 0.020540889 | GG6: 0.020476064 | GH6: 0.020440669 | GI6: 0.020398171 | GJ6: 0.020353038 | GK6: 0.020332563 | GL6: 0.020348101 | GM6: 0.020362769 | GN6: 0.020360408 | GO6: 0.020338352 | GP6: 0.020336363 | GQ6: 0.020333454 | GR6: 0.020361792 | GS6: 0.020324713 | GT6: 0.020311787 | GU6: 0.020299203 | GV6: 0.020313606 | GW6: 0.020304297 | GX6: 0.020333273 | GY6: 0.020360509 | GZ6: 0.020348953 | HA6: 0.0203773 | HB6: 0.020387792 | HC6: 0.020401751 | HD6: 0.020420004 | HE6: 0.020386165 | HF6: 0.020380881 | HG6: 0.020331982 | HH6: 0.020309684 | HI6: 0.020238809 | HJ6: 0.020217611 | HK6: 0.020146292 | HL6: 0.020065264 | HM6: 0.019900694 | HN6: 0.019692646 | HO6: 0.019552771 | HP6: 0.019420176 | HQ6: 0.019276963 | HR6: 0.019067543 | HS6: 0.019000072 | HT6: 0.018921656 | HU6: 0.01886168 | HV6: 0.018795235 | HW6: 0.018707594 | HX6: 0.018674294 | HY6: 0.018544815 | HZ6: 0.018526561 | IA6: 0.018504938 | IB6: 0.018401854 | IC6: 0.018311332 | ID6: 0.018232355 | IE6: 0.018139289 | IF6: 0.018107171 | IG6: 0.018026567 | IH6: 0.017833786 | II6: 0.017753772 | IJ6: 0.017664245 | IK6: 0.017537255 | IL6: 0.017424011 | IM6: 0.017342025 | IN6: 0.017185462 | IO6: 0.017089071 | IP6: 0.017025755 | IQ6: 0.01697056 | IR6: 0.016818594 | IS6: 0.016665415 | IT6: 0.016503109 | IU6: 0.016364377 | IV6: 0.016209821 | IW6: 0.016083718 | IX6: 0.015946626 | IY6: 0.015734471 | IZ6: 0.015548853 | JA6: 0.01540569 | JB6: 0.015168815 | JC6: 0.014969223 | JD6: 0.014847112 | JE6: 0.01472717 | JF6: 0.014599671 | JG6: 0.014508751 | JH6: 0.01442759 | JI6: 0.014399946 | JJ6: 0.014300444 | JK6: 0.014204996 | JL6: 0.014049825 | JM6: 0.013905719 | JN6: 0.013678363 | JO6: 0.013416972 | JP6: 0.013155073 | JQ6: 0.012817966 | JR6: 0.012482925 | JS6: 0.012218671 | JT6: 0.011831601 | JU6: 0.011410791 | JV6: 0.010988664 | JW6: 0.010541152 | JX6: 0.010107316 | JY6: 0.0096434393 | JZ6: 0.0093130387 | KA6: 0.0090204383 | KB6: 0.0088189099 | KC6: 0.0086362039 | KD6: 0.0085000846 | KE6: 0.0083997289 | KF6: 0.0083479302 | KG6: 0.0082801533 | KH6: 0.0083074685 | KI6: 0.008369118 | KJ6: 0.0086111433 | KK6: 0.009008713 | KL6: 0.0096181353 | KM6: 0.0103085 | KN6: 0.011447971 | KO6: 0.012672266 | KP6: 0.014288247 | KQ6: 0.015684775 | KR6: 0.017045421 | KS6: 0.018937904 | KT6: 0.020569957 | KU6: 0.022047058 | KV6: 0.02321055
A7: 6 | B7: R006 | C7: PAK | D7: 215.5 | F7: 8.9 | G7: 58 | H7: 0.021990277 | I7: 0.022231169 | J7: 0.022577475 | K7: 0.022804357 | L7: 0.022794188 | M7: 0.022649438 | N7: 0.022533191 | O7: 0.02259801 | P7: 0.022681702 | Q7: 0.022677958 | R7: 0.022513639 | S7: 0.022338451 | T7: 0.022203413 | U7: 0.022071718 | V7: 0.022064657 | W7: 0.022076746 | X7: 0.022138021 | Y7: 0.022196502 | Z7: 0.022269655 | AA7: 0.022370232 | AB7: 0.022450363 | AC7: 0.022567712 | AD7: 0.02263366 | AE7: 0.022738097 | AF7: 0.022800501 | AG7: 0.022862732 | AH7: 0.02292473 | AI7: 0.022983948 | AJ7: 0.023050076 | AK7: 0.023102805 | AL7: 0.023165932 | AM7: 0.023212308 | AN7: 0.023273272 | AO7: 0.023335138 | AP7: 0.023380726 | AQ7: 0.02344451 | AR7: 0.023483194 | AS7: 0.023543964 | AT7: 0.023566889 | AU7: 0.023584405 | AV7: 0.023599526 | AW7: 0.023627128 | AX7: 0.02365328 | AY7: 0.023672777 | AZ7: 0.023729626 | BA7: 0.023793959 | BB7: 0.023881555 | BC7: 0.023973541 | BD7: 0.024083341 | BE7: 0.024187539 | BF7: 0.024292794 | BG7: 0.024399509 | BH7: 0.024515985 | BI7: 0.024605277 | BJ7: 0.024681192 | BK7: 0.024741989 | BL7: 0.024793579 | BM7: 0.024858813 | BN7: 0.024907099 | BO7: 0.024946057 | BP7: 0.024927757 | BQ7: 0.024893171 | BR7: 0.024904961 | BS7: 0.024940273 | BT7: 0.024970757 | BU7: 0.024963225 | BV7: 0.024948365 | BW7: 0.024920942 | BX7: 0.024919002 | BY7: 0.024900035 | BZ7: 0.024874325 | CA7: 0.024846568 | CB7: 0.024824172 | CC7: 0.024797272 | CD7: 0.024761996 | CE7: 0.024731909 | CF7: 0.024686991 | CG7: 0.024645094 | CH7: 0.024605425 | CI7: 0.024555966 | CJ7: 0.024520529 | CK7: 0.024471301 | CL7: 0.024444762 | CM7: 0.024408568 | CN7: 0.024381846 | CO7: 0.024362111 | CP7: 0.024342735 | CQ7: 0.024335453 | CR7: 0.024315556 | CS7: 0.024299127 | CT7: 0.024274637 | CU7: 0.02424704 | CV7: 0.024214629 | CW7: 0.024168966 | CX7: 0.024127398 | CY7: 0.024056344 | CZ7: 0.023997051 | DA7: 0.023902987 | DB7: 0.023807142 | DC7: 0.02371806 | DD7: 0.023619466 | DE7: 0.023537279 | DF7: 0.023457193 | DG7: 0.023363853 | DH7: 0.023289113 | DI7: 0.023212761 | DJ7: 0.023124985 | DK7: 0.023028692 | DL7: 0.022940205 | DM7: 0.022861542 | DN7: 0.022784937 | DO7: 0.022744947 | DP7: 0.022671629 | DQ7: 0.022619745 | DR7: 0.022562438 | DS7: 0.022534374 | DT7: 0.022511973 | DU7: 0.022480796 | DV7: 0.022478936 | DW7: 0.022434045 | DX7: 0.022445025 | DY7: 0.022426997 | DZ7: 0.022444005 | EA7: 0.022454597 | EB7: 0.022463238 | EC7: 0.022483328 | ED7: 0.022456533 | EE7: 0.022468073 | EF7: 0.022432683 | EG7: 0.022431339 | EH7: 0.022412232 | EI7: 0.022397906 | EJ7: 0.022402888 | EK7: 0.022369447 | EL7: 0.022386659 | EM7: 0.022359759 | EN7: 0.022395492 | EO7: 0.022419885 | EP7: 0.022433242 | EQ7: 0.022451689 | ER7: 0.022433208 | ES7: 0.022438876 | ET7: 0.022366478 | EU7: 0.022341905 | EV7: 0.022292741 | EW7: 0.022232003 | EX7: 0.022180854 | EY7: 0.022147939 | EZ7: 0.022141995 | FA7: 0.022084291 | FB7: 0.022042176 | FC7: 0.021970874 | FD7: 0.02191181 | FE7: 0.021835389 | FF7: 0.021768306 | FG7: 0.02169727 | FH7: 0.021588916 | FI7: 0.021527885 | FJ7: 0.021420439 | FK7: 0.021331817 | FL7: 0.021208519 | FM7: 0.021093757 | FN7: 0.020975288 | FO7: 0.020775616 | FP7: 0.020620649 | FQ7: 0.020404109 | FR7: 0.020229613 | FS7: 0.020057351 | FT7: 0.019899148 | FU7: 0.019777914 | FV7: 0.019685257 | FW7: 0.01963502 | FX7: 0.019562015 | FY7: 0.019525484 | FZ7: 0.019491133 | GA7: 0.019458753 | GB7: 0.019430058 | GC7: 0.019386601 | GD7: 0.019373925 | GE7: 0.019283804 | GF7: 0.019263114 | GG7: 0.019201367 | GH7: 0.019185527 | GI7: 0.019152794 | GJ7: 0.019143811 | GK7: 0.019148307 | GL7: 0.019132851 | GM7: 0.019140062 | GN7: 0.019095088 | GO7: 0.019084632 | GP7: 0.019069721 | GQ7: 0.019073537 | GR7: 0.019105787 | GS7: 0.019072035 | GT7: 0.019090953 | GU7: 0.019116078 | GV7: 0.019141096 | GW7: 0.019137466 | GX7: 0.019165167 | GY7: 0.019207173 | GZ7: 0.019186667 | HA7: 0.019211173 | HB7: 0.019217273 | HC7: 0.019236188 | HD7: 0.019229341 | HE7: 0.01919021 | HF7: 0.019148733 | HG7: 0.019120882 | HH7: 0.019099569 | HI7: 0.019072955 | HJ7: 0.019064727 | HK7: 0.018992387 | HL7: 0.018974549 | HM7: 0.018835901 | HN7: 0.018639155 | HO7: 0.018523768 | HP7: 0.018318656 | HQ7: 0.018173045 | HR7: 0.018038933 | HS7: 0.017953863 | HT7: 0.017854615 | HU7: 0.017805286 | HV7: 0.017767157 | HW7: 0.017706961 | HX7: 0.017666106 | HY7: 0.017645295 | HZ7: 0.017608151 | IA7: 0.017556271 | IB7: 0.017513142 | IC7: 0.01747 | ID7: 0.017378266 | IE7: 0.017303415 | IF7: 0.017227575 | IG7: 0.017175192 | IH7: 0.017107476 | II7: 0.016995333 | IJ7: 0.01686493 | IK7: 0.016719891 | IL7: 0.016593896 | IM7: 0.016471883 | IN7: 0.016361478 | IO7: 0.016361136 | IP7: 0.016244822 | IQ7: 0.016119783 | IR7: 0.015981311 | IS7: 0.015839299 | IT7: 0.015649991 | IU7: 0.015519754 | IV7: 0.01536967 | IW7: 0.015252885 | IX7: 0.015124379 | IY7: 0.014956792 | IZ7: 0.014777438 | JA7: 0.014599573 | JB7: 0.014359951 | JC7: 0.014153871 | JD7: 0.014017982 | JE7: 0.013865885 | JF7: 0.013794468 | JG7: 0.013766864 | JH7: 0.01370109 | JI7: 0.013704225 | JJ7: 0.013630046 | JK7: 0.013593012 | JL7: 0.013562636 | JM7: 0.013434195 | JN7: 0.013211362 | JO7: 0.01296789 | JP7: 0.012748678 | JQ7: 0.012438903 | JR7: 0.012133757 | JS7: 0.011829827 | JT7: 0.011539744 | JU7: 0.011231487 | JV7: 0.010830357 | JW7: 0.010424985 | JX7: 0.0099474084 | JY7: 0.0094795014 | JZ7: 0.0091385974 | KA7: 0.0088733589 | KB7: 0.00864776 | KC7: 0.0084560577 | KD7: 0.0083128812 | KE7: 0.00822005 | KF7: 0.0081833312 | KG7: 0.0081785375 | KH7: 0.0082850602 | KI7: 0.0085240243 | KJ7: 0.0087491036 | KK7: 0.0091150018 | KL7: 0.0097417136 | KM7: 0.010488194 | KN7: 0.011472331 | KO7: 0.012646478 | KP7: 0.014206136 | KQ7: 0.015738027 | KR7: 0.017362394 | KS7: 0.018997947 | KT7: 0.020512821 | KU7: 0.021849737 | KV7: 0.022988231
A8: 7 | B8: R007 | C8: PAK | D8: 222 | F8: 7.2 | G8: 54 | H8: 0.026896073 | I8: 0.027311384 | J8: 0.027801593 | K8: 0.028138334 | L8: 0.028160822 | M8: 0.027985667 | N8: 0.027828897 | O8: 0.02788693 | P8: 0.027975176 | Q8: 0.027945228 | R8: 0.027751463 | S8: 0.02752027 | T8: 0.027375969 | U8: 0.027316921 | V8: 0.027367118 | W8: 0.027489978 | X8: 0.027568918 | Y8: 0.027673397 | Z8: 0.027758213 | AA8: 0.02787775 | AB8: 0.028016697 | AC8: 0.028144493 | AD8: 0.028250111 | AE8: 0.028369926 | AF8: 0.028468998 | AG8: 0.028540339 | AH8: 0.028622224 | AI8: 0.028665493 | AJ8: 0.028724299 | AK8: 0.028779578 | AL8: 0.028837066 | AM8: 0.028873569 | AN8: 0.028926159 | AO8: 0.028989974 | AP8: 0.029046885 | AQ8: 0.029102191 | AR8: 0.029156872 | AS8: 0.029198337 | AT8: 0.029198825 | AU8: 0.029196816 | AV8: 0.029198877 | AW8: 0.029214155 | AX8: 0.029234978 | AY8: 0.029245064 | AZ8: 0.029287587 | BA8: 0.029358552 | BB8: 0.029438308 | BC8: 0.02952914 | BD8: 0.029634843 | BE8: 0.029745968 | BF8: 0.029867412 | BG8: 0.029968586 | BH8: 0.030067333 | BI8: 0.03014421 | BJ8: 0.030211526 | BK8: 0.03027465 | BL8: 0.03033279 | BM8: 0.030390003 | BN8: 0.030432321 | BO8: 0.030457731 | BP8: 0.03042909 | BQ8: 0.030396887 | BR8: 0.030391439 | BS8: 0.030418224 | BT8: 0.030442706 | BU8: 0.030423358 | BV8: 0.030389004 | BW8: 0.030345898 | BX8: 0.030327279 | BY8: 0.030284711 | BZ8: 0.030247535 | CA8: 0.030225186 | CB8: 0.030189231 | CC8: 0.030161783 | CD8: 0.030100131 | CE8: 0.030052414 | CF8: 0.029996967 | CG8: 0.029944471 | CH8: 0.029884191 | CI8: 0.029815128 | CJ8: 0.029753155 | CK8: 0.029681157 | CL8: 0.029636764 | CM8: 0.029572506 | CN8: 0.029509898 | CO8: 0.029457209 | CP8: 0.029413698 | CQ8: 0.029362467 | CR8: 0.029318015 | CS8: 0.029280065 | CT8: 0.029229764 | CU8: 0.029174651 | CV8: 0.029114271 | CW8: 0.029051804 | CX8: 0.028985662 | CY8: 0.028908058 | CZ8: 0.028824907 | DA8: 0.028711462 | DB8: 0.02862911 | DC8: 0.028516388 | DD8: 0.028398524 | DE8: 0.028295227 | DF8: 0.028185539 | DG8: 0.028099081 | DH8: 0.028001108 | DI8: 0.027913574 | DJ8: 0.027808183 | DK8: 0.027702114 | DL8: 0.027598361 | DM8: 0.02751269 | DN8: 0.027414763 | DO8: 0.027335774 | DP8: 0.027261835 | DQ8: 0.027194457 | DR8: 0.027121759 | DS8: 0.027065125 | DT8: 0.027014872 | DU8: 0.026965467 | DV8: 0.026927921 | DW8: 0.026888764 | DX8: 0.026857829 | DY8: 0.026807378 | DZ8: 0.026786819 | EA8: 0.026763271 | EB8: 0.026743279 | EC8: 0.026732651 | ED8: 0.026702806 | EE8: 0.026655365 | EF8: 0.026609904 | EG8: 0.026563676 | EH8: 0.0265219 | EI8: 0.026504954 | EJ8: 0.026491619 | EK8: 0.02644119 | EL8: 0.02644046 | EM8: 0.026376373 | EN8: 0.026388526 | EO8: 0.026376267 | EP8: 0.026379967 | EQ8: 0.026384807 | ER8: 0.026353376 | ES8: 0.026333224 | ET8: 0.026260822 | EU8: 0.026208814 | EV8: 0.026121223 | EW8: 0.026046216 | EX8: 0.025974042 | EY8: 0.025900021 | EZ8: 0.025863231 | FA8: 0.025789634 | FB8: 0.025728236 | FC8: 0.025637578 | FD8: 0.025545785 | FE8: 0.025448008 | FF8: 0.025344387 | FG8: 0.025247493 | FH8: 0.025113773 | FI8: 0.025018519 | FJ8: 0.024883805 | FK8: 0.024765487 | FL8: 0.024617725 | FM8: 0.024478929 | FN8: 0.024331834 | FO8: 0.024117159 | FP8: 0.02392198 | FQ8: 0.023647051 | FR8: 0.02343366 | FS8: 0.023212055 | FT8: 0.023037253 | FU8: 0.022898968 | FV8: 0.022768653 | FW8: 0.022692098 | FX8: 0.022592868 | FY8: 0.022537315 | FZ8: 0.022466148 | GA8: 0.022419619 | GB8: 0.022356139 | GC8: 0.022293636 | GD8: 0.02226662 | GE8: 0.022208418 | GF8: 0.022191532 | GG8: 0.022132923 | GH8: 0.022093606 | GI8: 0.022052261 | GJ8: 0.02201713 | GK8: 0.021999146 | GL8: 0.021960936 | GM8: 0.021958056 | GN8: 0.021924331 | GO8: 0.021917199 | GP8: 0.021904256 | GQ8: 0.021883039 | GR8: 0.021887321 | GS8: 0.021888208 | GT8: 0.021889915 | GU8: 0.02191935 | GV8: 0.021931196 | GW8: 0.021929212 | GX8: 0.021932656 | GY8: 0.021959997 | GZ8: 0.021954434 | HA8: 0.021984224 | HB8: 0.021959654 | HC8: 0.021971067 | HD8: 0.021967746 | HE8: 0.021921704 | HF8: 0.021885993 | HG8: 0.021853782 | HH8: 0.021825521 | HI8: 0.021690483 | HJ8: 0.021654838 | HK8: 0.021621701 | HL8: 0.021531032 | HM8: 0.021375907 | HN8: 0.02115192 | HO8: 0.020957973 | HP8: 0.020743266 | HQ8: 0.020597725 | HR8: 0.020546287 | HS8: 0.020456926 | HT8: 0.020346433 | HU8: 0.020261266 | HV8: 0.020183167 | HW8: 0.020103416 | HX8: 0.020039718 | HY8: 0.01992299 | HZ8: 0.019874892 | IA8: 0.019760709 | IB8: 0.019715509 | IC8: 0.019663076 | ID8: 0.019577468 | IE8: 0.019501747 | IF8: 0.019304636 | IG8: 0.019243853 | IH8: 0.019188995 | II8: 0.019062928 | IJ8: 0.018924263 | IK8: 0.018783701 | IL8: 0.018643672 | IM8: 0.01855998 | IN8: 0.018432999 | IO8: 0.018336724 | IP8: 0.018177928 | IQ8: 0.017995445 | IR8: 0.017918871 | IS8: 0.01781035 | IT8: 0.01763914 | IU8: 0.017500937 | IV8: 0.017306161 | IW8: 0.017170974 | IX8: 0.017014303 | IY8: 0.016861992 | IZ8: 0.016687224 | JA8: 0.016461841 | JB8: 0.016205736 | JC8: 0.015994741 | JD8: 0.015839574 | JE8: 0.015703618 | JF8: 0.015570661 | JG8: 0.015480561 | JH8: 0.015430373 | JI8: 0.015404165 | JJ8: 0.015334898 | JK8: 0.015252693 | JL8: 0.015185482 | JM8: 0.014983819 | JN8: 0.014682939 | JO8: 0.014386105 | JP8: 0.0140986 | JQ8: 0.01386744 | JR8: 0.013515464 | JS8: 0.013128862 | JT8: 0.012762675 | JU8: 0.012351918 | JV8: 0.011851327 | JW8: 0.01135739 | JX8: 0.010886573 | JY8: 0.010402591 | JZ8: 0.01012068 | KA8: 0.0097716301 | KB8: 0.0094910285 | KC8: 0.0092617004 | KD8: 0.0091015221 | KE8: 0.0089413166 | KF8: 0.0088859146 | KG8: 0.0088333442 | KH8: 0.0089239955 | KI8: 0.0091383934 | KJ8: 0.0093386923 | KK8: 0.0096972718 | KL8: 0.010362494 | KM8: 0.011094203 | KN8: 0.012298495 | KO8: 0.013516065 | KP8: 0.015036483 | KQ8: 0.016648681 | KR8: 0.018326289 | KS8: 0.019983317 | KT8: 0.021418419 | KU8: 0.022818971 | KV8: 0.024087948
A9: 8 | B9: R008 | C9: PAK | D9: 204.5 | E9: 345.45455 | F9: 7 | G9: 56 | H9: 0.022508923 | I9: 0.02274292 | J9: 0.023100329 | K9: 0.02334664 | L9: 0.023347965 | M9: 0.02319507 | N9: 0.023072118 | O9: 0.023073385 | P9: 0.023100743 | Q9: 0.023078496 | R9: 0.022899527 | S9: 0.022647718 | T9: 0.022461853 | U9: 0.022388347 | V9: 0.022383801 | W9: 0.022377678 | X9: 0.02239121 | Y9: 0.022416225 | Z9: 0.022473026 | AA9: 0.022563534 | AB9: 0.02262733 | AC9: 0.02272474 | AD9: 0.022774764 | AE9: 0.022842089 | AF9: 0.022886952 | AG9: 0.022925965 | AH9: 0.022966843 | AI9: 0.023000624 | AJ9: 0.023041445 | AK9: 0.02304886 | AL9: 0.023085503 | AM9: 0.023114015 | AN9: 0.023151843 | AO9: 0.023186958 | AP9: 0.023208122 | AQ9: 0.023240843 | AR9: 0.023263043 | AS9: 0.023286484 | AT9: 0.023277674 | AU9: 0.023262364 | AV9: 0.023245962 | AW9: 0.02323939 | AX9: 0.023242128 | AY9: 0.023247371 | AZ9: 0.023268802 | BA9: 0.023273202 | BB9: 0.023335691 | BC9: 0.023405461 | BD9: 0.023469327 | BE9: 0.023534073 | BF9: 0.023612428 | BG9: 0.023690296 | BH9: 0.02374876 | BI9: 0.023791272 | BJ9: 0.023824189 | BK9: 0.023865406 | BL9: 0.023894665 | BM9: 0.023933604 | BN9: 0.023946046 | BO9: 0.023968267 | BP9: 0.023936415 | BQ9: 0.023907181 | BR9: 0.023893131 | BS9: 0.023910007 | BT9: 0.023932532 | BU9: 0.023909752 | BV9: 0.023871328 | BW9: 0.023833876 | BX9: 0.023810774 | BY9: 0.023778477 | BZ9: 0.02373745 | CA9: 0.023703626 | CB9: 0.023663643 | CC9: 0.023622206 | CD9: 0.023566987 | CE9: 0.023535639 | CF9: 0.023489565 | CG9: 0.023442472 | CH9: 0.023391478 | CI9: 0.023333372 | CJ9: 0.023289468 | CK9: 0.023234864 | CL9: 0.02318421 | CM9: 0.023132583 | CN9: 0.023086482 | CO9: 0.02303013 | CP9: 0.022987396 | CQ9: 0.022953053 | CR9: 0.022907131 | CS9: 0.022876126 | CT9: 0.022820266 | CU9: 0.022766917 | CV9: 0.022718045 | CW9: 0.022668401 | CX9: 0.022607342 | CY9: 0.022544331 | CZ9: 0.022482243 | DA9: 0.022400747 | DB9: 0.022330908 | DC9: 0.022248155 | DD9: 0.02216399 | DE9: 0.022085284 | DF9: 0.022010493 | DG9: 0.021916544 | DH9: 0.021859264 | DI9: 0.021799446 | DJ9: 0.021727329 | DK9: 0.021640796 | DL9: 0.021559431 | DM9: 0.021498533 | DN9: 0.02144175 | DO9: 0.021411152 | DP9: 0.021324242 | DQ9: 0.021283933 | DR9: 0.021237283 | DS9: 0.021195245 | DT9: 0.021156691 | DU9: 0.021107454 | DV9: 0.021095465 | DW9: 0.021047696 | DX9: 0.021050532 | DY9: 0.021016699 | DZ9: 0.021008557 | EA9: 0.020997912 | EB9: 0.020970073 | EC9: 0.020962466 | ED9: 0.020909877 | EE9: 0.020905379 | EF9: 0.020840435 | EG9: 0.020819762 | EH9: 0.020787964 | EI9: 0.020778602 | EJ9: 0.020784823 | EK9: 0.020757256 | EL9: 0.020768393 | EM9: 0.020745208 | EN9: 0.020771904 | EO9: 0.020768871 | EP9: 0.020774894 | EQ9: 0.020783317 | ER9: 0.02076312 | ES9: 0.02076066 | ET9: 0.020703696 | EU9: 0.020675106 | EV9: 0.020594182 | EW9: 0.020531727 | EX9: 0.02047859 | EY9: 0.020418851 | EZ9: 0.020408889 | FA9: 0.020352009 | FB9: 0.020298737 | FC9: 0.020200106 | FD9: 0.020145164 | FE9: 0.020077781 | FF9: 0.020008543 | FG9: 0.019935582 | FH9: 0.019824119 | FI9: 0.019761689 | FJ9: 0.019662937 | FK9: 0.019572155 | FL9: 0.01945853 | FM9: 0.019332009 | FN9: 0.019218145 | FO9: 0.0190304 | FP9: 0.018882375 | FQ9: 0.018675081 | FR9: 0.018511972 | FS9: 0.018339912 | FT9: 0.018194455 | FU9: 0.018099387 | FV9: 0.017997224 | FW9: 0.017952889 | FX9: 0.01786513 | FY9: 0.017831939 | FZ9: 0.017778344 | GA9: 0.017757029 | GB9: 0.017722479 | GC9: 0.017685922 | GD9: 0.017680644 | GE9: 0.017607268 | GF9: 0.017587736 | GG9: 0.017536207 | GH9: 0.017533736 | GI9: 0.017534417 | GJ9: 0.017491956 | GK9: 0.017482285 | GL9: 0.017472087 | GM9: 0.017474384 | GN9: 0.017431765 | GO9: 0.0174452 | GP9: 0.01744627 | GQ9: 0.017430312 | GR9: 0.017429661 | GS9: 0.017426514 | GT9: 0.017453731 | GU9: 0.017463927 | GV9: 0.017488057 | GW9: 0.017485243 | GX9: 0.017498881 | GY9: 0.017527227 | GZ9: 0.017542508 | HA9: 0.017588025 | HB9: 0.017570555 | HC9: 0.017600179 | HD9: 0.017596336 | HE9: 0.017590695 | HF9: 0.017588506 | HG9: 0.017540879 | HH9: 0.017512125 | HI9: 0.017455694 | HJ9: 0.017427492 | HK9: 0.017343127 | HL9: 0.017296921 | HM9: 0.017170293 | HN9: 0.017024592 | HO9: 0.016917192 | HP9: 0.016734683 | HQ9: 0.016622744 | HR9: 0.016561488 | HS9: 0.016529803 | HT9: 0.016464698 | HU9: 0.016457587 | HV9: 0.016433312 | HW9: 0.016333073 | HX9: 0.016279104 | HY9: 0.016150289 | HZ9: 0.016146938 | IA9: 0.016132162 | IB9: 0.016074121 | IC9: 0.016011597 | ID9: 0.015981397 | IE9: 0.015921698 | IF9: 0.015814548 | IG9: 0.015739819 | IH9: 0.015605852 | II9: 0.015517492 | IJ9: 0.015425832 | IK9: 0.01524793 | IL9: 0.015131456 | IM9: 0.015134489 | IN9: 0.015001615 | IO9: 0.014887961 | IP9: 0.014813848 | IQ9: 0.014717832 | IR9: 0.014605287 | IS9: 0.014480127 | IT9: 0.01438047 | IU9: 0.014238758 | IV9: 0.014057902 | IW9: 0.013914931 | IX9: 0.013737081 | IY9: 0.013559963 | IZ9: 0.01338119 | JA9: 0.013198866 | JB9: 0.01297226 | JC9: 0.012775139 | JD9: 0.012637063 | JE9: 0.01252615 | JF9: 0.012420126 | JG9: 0.012359862 | JH9: 0.012309371 | JI9: 0.012316582 | JJ9: 0.01230758 | JK9: 0.012295131 | JL9: 0.012260694 | JM9: 0.012208725 | JN9: 0.0120806 | JO9: 0.01192248 | JP9: 0.011743764 | JQ9: 0.011522471 | JR9: 0.011242695 | JS9: 0.010927917 | JT9: 0.010651378 | JU9: 0.010372437 | JV9: 0.0099968481 | JW9: 0.0096220011 | JX9: 0.009233082 | JY9: 0.0088456755 | JZ9: 0.0085570356 | KA9: 0.0082648013 | KB9: 0.0080424788 | KC9: 0.007841683 | KD9: 0.0077082936 | KE9: 0.0076661663 | KF9: 0.0076454165 | KG9: 0.007681325 | KH9: 0.0077546238 | KI9: 0.0079170226 | KJ9: 0.0081247656 | KK9: 0.0084688276 | KL9: 0.0090578269 | KM9: 0.0097775303 | KN9: 0.010898027 | KO9: 0.012089673 | KP9: 0.013686757 | KQ9: 0.015210425 | KR9: 0.016779724 | KS9: 0.018368898 | KT9: 0.019836793 | KU9: 0.021938474 | KV9: 0.023257221
A10: 9 | B10: R009 | C10: PAK | D10: 191.5 | F10: 7.7 | G10: 63 | H10: 0.021863142 | I10: 0.022103016 | J10: 0.022415329 | K10: 0.022643956 | L10: 0.022694429 | M10: 0.022585858 | N10: 0.022379322 | O10: 0.022395632 | P10: 0.022517014 | Q10: 0.022515726 | R10: 0.022361299 | S10: 0.022131023 | T10: 0.02193911 | U10: 0.021791297 | V10: 0.021740967 | W10: 0.021732324 | X10: 0.021752784 | Y10: 0.021771108 | Z10: 0.021781585 | AA10: 0.021835786 | AB10: 0.021910963 | AC10: 0.02199792 | AD10: 0.022050842 | AE10: 0.022120252 | AF10: 0.022169187 | AG10: 0.022201565 | AH10: 0.022233963 | AI10: 0.022258576 | AJ10: 0.022296531 | AK10: 0.022311573 | AL10: 0.022346962 | AM10: 0.02234322 | AN10: 0.022371429 | AO10: 0.022395431 | AP10: 0.022425706 | AQ10: 0.022451159 | AR10: 0.022461123 | AS10: 0.022475334 | AT10: 0.022464785 | AU10: 0.022448617 | AV10: 0.022429634 | AW10: 0.022417597 | AX10: 0.022416445 | AY10: 0.022398216 | AZ10: 0.022414536 | BA10: 0.022420249 | BB10: 0.022460101 | BC10: 0.022504873 | BD10: 0.02256925 | BE10: 0.022632994 | BF10: 0.022685999 | BG10: 0.022732122 | BH10: 0.022782563 | BI10: 0.022821688 | BJ10: 0.022850708 | BK10: 0.022879542 | BL10: 0.022898343 | BM10: 0.02294015 | BN10: 0.022961244 | BO10: 0.022967172 | BP10: 0.022931378 | BQ10: 0.022878145 | BR10: 0.022860568 | BS10: 0.022869483 | BT10: 0.02286452 | BU10: 0.02283658 | BV10: 0.022809977 | BW10: 0.022764672 | BX10: 0.022735588 | BY10: 0.022699183 | BZ10: 0.02265928 | CA10: 0.022624454 | CB10: 0.02258474 | CC10: 0.022550703 | CD10: 0.022493903 | CE10: 0.022447728 | CF10: 0.022398093 | CG10: 0.022343716 | CH10: 0.022301398 | CI10: 0.022253512 | CJ10: 0.02219413 | CK10: 0.022129159 | CL10: 0.022091573 | CM10: 0.022037518 | CN10: 0.021981762 | CO10: 0.021930207 | CP10: 0.021874863 | CQ10: 0.021829058 | CR10: 0.02178058 | CS10: 0.021731859 | CT10: 0.021679631 | CU10: 0.021622948 | CV10: 0.021577766 | CW10: 0.021523969 | CX10: 0.021465766 | CY10: 0.021402759 | CZ10: 0.02133411 | DA10: 0.02126174 | DB10: 0.021181684 | DC10: 0.021115052 | DD10: 0.021043158 | DE10: 0.020964355 | DF10: 0.020895019 | DG10: 0.020817153 | DH10: 0.020760756 | DI10: 0.02067639 | DJ10: 0.020615874 | DK10: 0.020548264 | DL10: 0.020468206 | DM10: 0.020405155 | DN10: 0.02033014 | DO10: 0.020289808 | DP10: 0.020228391 | DQ10: 0.020190999 | DR10: 0.020129571 | DS10: 0.020098671 | DT10: 0.02007093 | DU10: 0.020024377 | DV10: 0.020014512 | DW10: 0.019971525 | DX10: 0.019970031 | DY10: 0.01994405 | DZ10: 0.019940978 | EA10: 0.019932838 | EB10: 0.019912854 | EC10: 0.01991551 | ED10: 0.01989297 | EE10: 0.019887716 | EF10: 0.01983933 | EG10: 0.019834449 | EH10: 0.019815291 | EI10: 0.019798081 | EJ10: 0.019791657 | EK10: 0.019749268 | EL10: 0.019769613 | EM10: 0.019743987 | EN10: 0.019760268 | EO10: 0.019746399 | EP10: 0.019745423 | EQ10: 0.019753248 | ER10: 0.019736098 | ES10: 0.019737952 | ET10: 0.019676695 | EU10: 0.019661804 | EV10: 0.019586221 | EW10: 0.019529065 | EX10: 0.019479475 | EY10: 0.019442229 | EZ10: 0.019442171 | FA10: 0.019372349 | FB10: 0.019332969 | FC10: 0.019251016 | FD10: 0.019205964 | FE10: 0.019138549 | FF10: 0.019054803 | FG10: 0.018996922 | FH10: 0.018901205 | FI10: 0.018841729 | FJ10: 0.018768603 | FK10: 0.018693788 | FL10: 0.01858467 | FM10: 0.018478098 | FN10: 0.018362996 | FO10: 0.018201273 | FP10: 0.018062764 | FQ10: 0.01785395 | FR10: 0.017694495 | FS10: 0.017538762 | FT10: 0.017404729 | FU10: 0.017306393 | FV10: 0.017230896 | FW10: 0.017193618 | FX10: 0.017088061 | FY10: 0.017069893 | FZ10: 0.017040995 | GA10: 0.017015991 | GB10: 0.016988772 | GC10: 0.01693711 | GD10: 0.016928242 | GE10: 0.016854606 | GF10: 0.016858669 | GG10: 0.01683444 | GH10: 0.016831236 | GI10: 0.01682879 | GJ10: 0.016807645 | GK10: 0.016810346 | GL10: 0.01679452 | GM10: 0.016807105 | GN10: 0.016792824 | GO10: 0.01678249 | GP10: 0.016768385 | GQ10: 0.016767217 | GR10: 0.016799466 | GS10: 0.016781299 | GT10: 0.016820697 | GU10: 0.016836593 | GV10: 0.016855023 | GW10: 0.016854452 | GX10: 0.016852429 | GY10: 0.016860199 | GZ10: 0.016876024 | HA10: 0.016903971 | HB10: 0.016967056 | HC10: 0.017008612 | HD10: 0.016999997 | HE10: 0.016990101 | HF10: 0.016994196 | HG10: 0.016942926 | HH10: 0.016942558 | HI10: 0.016866106 | HJ10: 0.0168466 | HK10: 0.016793393 | HL10: 0.016757915 | HM10: 0.016637008 | HN10: 0.016461727 | HO10: 0.016355971 | HP10: 0.016236891 | HQ10: 0.016127443 | HR10: 0.016039202 | HS10: 0.016011095 | HT10: 0.015952809 | HU10: 0.015886143 | HV10: 0.015808467 | HW10: 0.015819043 | HX10: 0.015794415 | HY10: 0.015815823 | HZ10: 0.015788985 | IA10: 0.015716307 | IB10: 0.015636164 | IC10: 0.015558493 | ID10: 0.015435124 | IE10: 0.015354872 | IF10: 0.015257766 | IG10: 0.015208648 | IH10: 0.015077429 | II10: 0.015062317 | IJ10: 0.015047561 | IK10: 0.014956886 | IL10: 0.014852206 | IM10: 0.014739447 | IN10: 0.014598579 | IO10: 0.014396421 | IP10: 0.014310712 | IQ10: 0.014233285 | IR10: 0.014170815 | IS10: 0.014075545 | IT10: 0.013900383 | IU10: 0.01378884 | IV10: 0.013606878 | IW10: 0.013464602 | IX10: 0.013314614 | IY10: 0.013130235 | IZ10: 0.012964308 | JA10: 0.012774145 | JB10: 0.012543853 | JC10: 0.012353684 | JD10: 0.012212544 | JE10: 0.012066084 | JF10: 0.011980486 | JG10: 0.011943537 | JH10: 0.011961917 | JI10: 0.011998238 | JJ10: 0.011969855 | JK10: 0.01199084 | JL10: 0.012015174 | JM10: 0.011929927 | JN10: 0.011754074 | JO10: 0.011594203 | JP10: 0.011425387 | JQ10: 0.011220531 | JR10: 0.010977856 | JS10: 0.010734839 | JT10: 0.010465849 | JU10: 0.010170019 | JV10: 0.0098470731 | JW10: 0.0094924152 | JX10: 0.0091453079 | JY10: 0.0087534924 | JZ10: 0.0084065344 | KA10: 0.0081266179 | KB10: 0.0078832989 | KC10: 0.0076969103 | KD10: 0.0075456196 | KE10: 0.0075086136 | KF10: 0.0074683201 | KG10: 0.0074775183 | KH10: 0.0075628226 | KI10: 0.0077773662 | KJ10: 0.0080088073 | KK10: 0.0083916679 | KL10: 0.0090323591 | KM10: 0.0097687809 | KN10: 0.010839818 | KO10: 0.012053717 | KP10: 0.013672973 | KQ10: 0.015295659 | KR10: 0.017019664 | KS10: 0.018595368 | KT10: 0.020080443 | KU10: 0.021361349 | KV10: 0.022626858
A11: 10 | B11: R010 | C11: PAK | D11: 157 | E11: 158.73016 | F11: 7.5 | G11: 65 | H11: 0.019710853 | I11: 0.019845207 | J11: 0.020089508 | K11: 0.020282402 | L11: 0.020257871 | M11: 0.020117887 | N11: 0.020026542 | O11: 0.020049351 | P11: 0.020110632 | Q11: 0.020077312 | R11: 0.019898087 | S11: 0.019657873 | T11: 0.01947374 | U11: 0.019305437 | V11: 0.019236233 | W11: 0.019197892 | X11: 0.019175801 | Y11: 0.019171432 | Z11: 0.019177997 | AA11: 0.019205997 | AB11: 0.019223173 | AC11: 0.01927663 | AD11: 0.01929508 | AE11: 0.019333281 | AF11: 0.019341524 | AG11: 0.019356683 | AH11: 0.019371666 | AI11: 0.019384666 | AJ11: 0.019406272 | AK11: 0.019397967 | AL11: 0.019407341 | AM11: 0.019388171 | AN11: 0.019377349 | AO11: 0.019363141 | AP11: 0.019337071 | AQ11: 0.019332715 | AR11: 0.019315407 | AS11: 0.019309235 | AT11: 0.019259076 | AU11: 0.019232854 | AV11: 0.019196718 | AW11: 0.019156342 | AX11: 0.019124451 | AY11: 0.019096312 | AZ11: 0.019089544 | BA11: 0.01906364 | BB11: 0.019073999 | BC11: 0.019072775 | BD11: 0.019079293 | BE11: 0.019085469 | BF11: 0.019091881 | BG11: 0.019110918 | BH11: 0.019107899 | BI11: 0.01912815 | BJ11: 0.019137079 | BK11: 0.019123997 | BL11: 0.019107987 | BM11: 0.019107196 | BN11: 0.019101881 | BO11: 0.019073948 | BP11: 0.019015743 | BQ11: 0.018949132 | BR11: 0.018906175 | BS11: 0.018878504 | BT11: 0.018858059 | BU11: 0.018818006 | BV11: 0.01874903 | BW11: 0.018686056 | BX11: 0.018617462 | BY11: 0.01857074 | BZ11: 0.018520515 | CA11: 0.018475391 | CB11: 0.018428572 | CC11: 0.0183771 | CD11: 0.018325744 | CE11: 0.018270035 | CF11: 0.018213043 | CG11: 0.018162527 | CH11: 0.018094488 | CI11: 0.01803409 | CJ11: 0.017987582 | CK11: 0.017931833 | CL11: 0.017878138 | CM11: 0.017833469 | CN11: 0.017780436 | CO11: 0.017735416 | CP11: 0.017692309 | CQ11: 0.017657242 | CR11: 0.017625115 | CS11: 0.017573098 | CT11: 0.017538921 | CU11: 0.017482119 | CV11: 0.017434769 | CW11: 0.017381885 | CX11: 0.017329507 | CY11: 0.017272979 | CZ11: 0.017190483 | DA11: 0.017125611 | DB11: 0.017048305 | DC11: 0.016978062 | DD11: 0.016907538 | DE11: 0.016835597 | DF11: 0.016776762 | DG11: 0.016701101 | DH11: 0.01665819 | DI11: 0.016585186 | DJ11: 0.016532999 | DK11: 0.016454494 | DL11: 0.01638864 | DM11: 0.016337533 | DN11: 0.01626578 | DO11: 0.016242354 | DP11: 0.01616505 | DQ11: 0.016143663 | DR11: 0.016098984 | DS11: 0.016069441 | DT11: 0.016047752 | DU11: 0.016003172 | DV11: 0.01599716 | DW11: 0.015940644 | DX11: 0.015949798 | DY11: 0.015915427 | DZ11: 0.015910601 | EA11: 0.015906896 | EB11: 0.015883833 | EC11: 0.015887537 | ED11: 0.015840033 | EE11: 0.015843731 | EF11: 0.015806629 | EG11: 0.015796424 | EH11: 0.015782988 | EI11: 0.015765223 | EJ11: 0.015762936 | EK11: 0.015719603 | EL11: 0.015724183 | EM11: 0.015695186 | EN11: 0.015711551 | EO11: 0.015691975 | EP11: 0.01568142 | EQ11: 0.015682296 | ER11: 0.015658524 | ES11: 0.015663924 | ET11: 0.015607554 | EU11: 0.015587323 | EV11: 0.015517124 | EW11: 0.015467696 | EX11: 0.015417527 | EY11: 0.015385179 | EZ11: 0.015380969 | FA11: 0.015341681 | FB11: 0.01532043 | FC11: 0.015246182 | FD11: 0.015206572 | FE11: 0.015156093 | FF11: 0.015109194 | FG11: 0.015060705 | FH11: 0.014981676 | FI11: 0.014938329 | FJ11: 0.014850119 | FK11: 0.014791682 | FL11: 0.014704507 | FM11: 0.014603964 | FN11: 0.014512965 | FO11: 0.014383777 | FP11: 0.014285296 | FQ11: 0.014132831 | FR11: 0.014013405 | FS11: 0.013891248 | FT11: 0.013783818 | FU11: 0.013709823 | FV11: 0.013628239 | FW11: 0.013599867 | FX11: 0.013523662 | FY11: 0.013502747 | FZ11: 0.0134653 | GA11: 0.013462686 | GB11: 0.013454702 | GC11: 0.013404753 | GD11: 0.013408725 | GE11: 0.013387785 | GF11: 0.013383346 | GG11: 0.013346818 | GH11: 0.013345744 | GI11: 0.013342376 | GJ11: 0.013321258 | GK11: 0.013314824 | GL11: 0.01330691 | GM11: 0.013318167 | GN11: 0.013314751 | GO11: 0.013330281 | GP11: 0.013343379 | GQ11: 0.01335078 | GR11: 0.013373656 | GS11: 0.013353789 | GT11: 0.013394366 | GU11: 0.013429497 | GV11: 0.013447423 | GW11: 0.013446163 | GX11: 0.013477578 | GY11: 0.013522818 | GZ11: 0.013532317 | HA11: 0.013586807 | HB11: 0.013550383 | HC11: 0.013585273 | HD11: 0.013578949 | HE11: 0.013599055 | HF11: 0.013643769 | HG11: 0.013595541 | HH11: 0.013572165 | HI11: 0.013618908 | HJ11: 0.01363088 | HK11: 0.013596883 | HL11: 0.013540644 | HM11: 0.013439591 | HN11: 0.013334296 | HO11: 0.013255459 | HP11: 0.013182137 | HQ11: 0.013134031 | HR11: 0.013095876 | HS11: 0.013072265 | HT11: 0.013008768 | HU11: 0.013044352 | HV11: 0.013049573 | HW11: 0.013009702 | HX11: 0.01297052 | HY11: 0.012911806 | HZ11: 0.012931361 | IA11: 0.012910268 | IB11: 0.012876122 | IC11: 0.01282881 | ID11: 0.012782687 | IE11: 0.012721471 | IF11: 0.01267103 | IG11: 0.01263171 | IH11: 0.01260253 | II11: 0.012509768 | IJ11: 0.012413944 | IK11: 0.012327486 | IL11: 0.012248114 | IM11: 0.012109419 | IN11: 0.012017006 | IO11: 0.011939478 | IP11: 0.011855297 | IQ11: 0.011777003 | IR11: 0.011723119 | IS11: 0.011629734 | IT11: 0.011522061 | IU11: 0.011399071 | IV11: 0.011272794 | IW11: 0.011117367 | IX11: 0.010925597 | IY11: 0.010761842 | IZ11: 0.01058568 | JA11: 0.010425792 | JB11: 0.010200695 | JC11: 0.010006603 | JD11: 0.0098751947 | JE11: 0.0097722215 | JF11: 0.0096778215 | JG11: 0.0096368913 | JH11: 0.0096539235 | JI11: 0.0097267334 | JJ11: 0.0098022356 | JK11: 0.009858918 | JL11: 0.0099067075 | JM11: 0.0099245993 | JN11: 0.0098449387 | JO11: 0.0097777169 | JP11: 0.0097038329 | JQ11: 0.0095865444 | JR11: 0.0094268502 | JS11: 0.0092250297 | JT11: 0.0090716034 | JU11: 0.0089057792 | JV11: 0.008619159 | JW11: 0.0083134096 | JX11: 0.0080585217 | JY11: 0.0077383696 | JZ11: 0.0074683603 | KA11: 0.0072226743 | KB11: 0.0070096153 | KC11: 0.0068472143 | KD11: 0.0067215737 | KE11: 0.0066237175 | KF11: 0.0065938611 | KG11: 0.0066491122 | KH11: 0.0067462086 | KI11: 0.0069643688 | KJ11: 0.0072446955 | KK11: 0.0076796212 | KL11: 0.008288821 | KM11: 0.0090464477 | KN11: 0.010258353 | KO11: 0.011435737 | KP11: 0.012842101 | KQ11: 0.014467885 | KR11: 0.016227311 | KS11: 0.018015423 | KT11: 0.019573022 | KU11: 0.021625431 | KV11: 0.022890027
A12: 11 | B12: R011 | C12: PAK | D12: 218.5 | F12: 12 | G12: 90 | H12: 0.017924534 | I12: 0.017936868 | J12: 0.018074752 | K12: 0.018197486 | L12: 0.018163969 | M12: 0.018050103 | N12: 0.018003759 | O12: 0.018064884 | P12: 0.018165821 | Q12: 0.01829916 | R12: 0.018350725 | S12: 0.01837412 | T12: 0.018418693 | U12: 0.018476056 | V12: 0.018639196 | W12: 0.018805195 | X12: 0.019006715 | Y12: 0.019216198 | Z12: 0.019424313 | AA12: 0.019667913 | AB12: 0.019872016 | AC12: 0.020120519 | AD12: 0.020315361 | AE12: 0.020533177 | AF12: 0.020713189 | AG12: 0.020901457 | AH12: 0.021074508 | AI12: 0.021246129 | AJ12: 0.021406434 | AK12: 0.021542767 | AL12: 0.021689111 | AM12: 0.021798965 | AN12: 0.021907543 | AO12: 0.022016089 | AP12: 0.022105147 | AQ12: 0.022193098 | AR12: 0.02226244 | AS12: 0.022340991 | AT12: 0.022385624 | AU12: 0.022420129 | AV12: 0.02244979 | AW12: 0.022473117 | AX12: 0.022498429 | AY12: 0.022512434 | AZ12: 0.022534904 | BA12: 0.022553381 | BB12: 0.022604193 | BC12: 0.022654827 | BD12: 0.022719336 | BE12: 0.022786555 | BF12: 0.022859827 | BG12: 0.022912332 | BH12: 0.022966757 | BI12: 0.02299941 | BJ12: 0.023024424 | BK12: 0.023035685 | BL12: 0.023038282 | BM12: 0.0230452 | BN12: 0.023039363 | BO12: 0.023002543 | BP12: 0.022934235 | BQ12: 0.022878622 | BR12: 0.022839306 | BS12: 0.02282855 | BT12: 0.022825089 | BU12: 0.022791763 | BV12: 0.022742941 | BW12: 0.022718401 | BX12: 0.022709282 | BY12: 0.022692153 | BZ12: 0.022667262 | CA12: 0.022649441 | CB12: 0.022619894 | CC12: 0.022577149 | CD12: 0.022524141 | CE12: 0.022485295 | CF12: 0.022464165 | CG12: 0.022463748 | CH12: 0.02244167 | CI12: 0.022405119 | CJ12: 0.02237958 | CK12: 0.022359175 | CL12: 0.022335803 | CM12: 0.022306544 | CN12: 0.022281963 | CO12: 0.022251464 | CP12: 0.022215259 | CQ12: 0.022180716 | CR12: 0.022144501 | CS12: 0.022115971 | CT12: 0.022066187 | CU12: 0.02200422 | CV12: 0.021954401 | CW12: 0.021900614 | CX12: 0.021852449 | CY12: 0.021791704 | CZ12: 0.021722183 | DA12: 0.021638823 | DB12: 0.021564275 | DC12: 0.021482849 | DD12: 0.021397914 | DE12: 0.021310384 | DF12: 0.021229922 | DG12: 0.021145898 | DH12: 0.021077697 | DI12: 0.020988414 | DJ12: 0.020916599 | DK12: 0.020830878 | DL12: 0.020740942 | DM12: 0.020662155 | DN12: 0.020580058 | DO12: 0.020528685 | DP12: 0.02042312 | DQ12: 0.020372672 | DR12: 0.020296344 | DS12: 0.020235506 | DT12: 0.020174494 | DU12: 0.020112468 | DV12: 0.020078314 | DW12: 0.01999042 | DX12: 0.019957329 | DY12: 0.019881697 | DZ12: 0.019840131 | EA12: 0.019803536 | EB12: 0.019773937 | EC12: 0.01975848 | ED12: 0.01968758 | EE12: 0.019665949 | EF12: 0.019617533 | EG12: 0.019591503 | EH12: 0.019559062 | EI12: 0.019533326 | EJ12: 0.019534241 | EK12: 0.019479873 | EL12: 0.019499103 | EM12: 0.019458542 | EN12: 0.019509009 | EO12: 0.019519883 | EP12: 0.019546589 | EQ12: 0.019573559 | ER12: 0.019563625 | ES12: 0.019606964 | ET12: 0.019597752 | EU12: 0.019618649 | EV12: 0.019607106 | EW12: 0.019605721 | EX12: 0.019612931 | EY12: 0.019583353 | EZ12: 0.019604731 | FA12: 0.019568663 | FB12: 0.019569897 | FC12: 0.019547832 | FD12: 0.019531222 | FE12: 0.019490895 | FF12: 0.019446791 | FG12: 0.019412657 | FH12: 0.019320106 | FI12: 0.019280722 | FJ12: 0.019205071 | FK12: 0.019152554 | FL12: 0.019062579 | FM12: 0.018967676 | FN12: 0.018867676 | FO12: 0.018736743 | FP12: 0.018629417 | FQ12: 0.018456137 | FR12: 0.018320188 | FS12: 0.018176283 | FT12: 0.018064147 | FU12: 0.017975226 | FV12: 0.017891864 | FW12: 0.017862651 | FX12: 0.01777926 | FY12: 0.017773306 | FZ12: 0.017726211 | GA12: 0.017734922 | GB12: 0.017730862 | GC12: 0.017683922 | GD12: 0.017701216 | GE12: 0.0176897 | GF12: 0.017686336 | GG12: 0.017654456 | GH12: 0.017657809 | GI12: 0.017655497 | GJ12: 0.017630855 | GK12: 0.017629533 | GL12: 0.017592921 | GM12: 0.017630195 | GN12: 0.017641548 | GO12: 0.017653111 | GP12: 0.017659016 | GQ12: 0.017669618 | GR12: 0.017698712 | GS12: 0.017739516 | GT12: 0.017786609 | GU12: 0.017788267 | GV12: 0.017803796 | GW12: 0.017805513 | GX12: 0.017839296 | GY12: 0.017887371 | GZ12: 0.017904616 | HA12: 0.017968891 | HB12: 0.017984915 | HC12: 0.018031492 | HD12: 0.01805066 | HE12: 0.018047644 | HF12: 0.018055364 | HG12: 0.018085804 | HH12: 0.01810563 | HI12: 0.018005522 | HJ12: 0.018010694 | HK12: 0.017987273 | HL12: 0.017923663 | HM12: 0.01778343 | HN12: 0.0176159 | HO12: 0.017506942 | HP12: 0.017369564 | HQ12: 0.017298907 | HR12: 0.017272269 | HS12: 0.017251149 | HT12: 0.017190895 | HU12: 0.017159271 | HV12: 0.017121635 | HW12: 0.017024598 | HX12: 0.017017876 | HY12: 0.016950444 | HZ12: 0.016944912 | IA12: 0.016868644 | IB12: 0.016858286 | IC12: 0.016827354 | ID12: 0.01679556 | IE12: 0.016759025 | IF12: 0.016650867 | IG12: 0.016613054 | IH12: 0.016498858 | II12: 0.016441106 | IJ12: 0.016408736 | IK12: 0.016274617 | IL12: 0.01617151 | IM12: 0.016115006 | IN12: 0.015984676 | IO12: 0.015831497 | IP12: 0.015748372 | IQ12: 0.015678225 | IR12: 0.015587377 | IS12: 0.015504855 | IT12: 0.015419719 | IU12: 0.015326716 | IV12: 0.015168186 | IW12: 0.015049747 | IX12: 0.014906865 | IY12: 0.01473494 | IZ12: 0.014574888 | JA12: 0.014377476 | JB12: 0.014157893 | JC12: 0.013997007 | JD12: 0.013863029 | JE12: 0.013733565 | JF12: 0.013677204 | JG12: 0.013651118 | JH12: 0.013617037 | JI12: 0.013628254 | JJ12: 0.013638613 | JK12: 0.013621703 | JL12: 0.013565634 | JM12: 0.013452528 | JN12: 0.013251644 | JO12: 0.013019056 | JP12: 0.012804968 | JQ12: 0.012516239 | JR12: 0.012220777 | JS12: 0.011915732 | JT12: 0.011613867 | JU12: 0.011307282 | JV12: 0.010891265 | JW12: 0.010474398 | JX12: 0.010116904 | JY12: 0.0096863379 | JZ12: 0.0093426909 | KA12: 0.0090466351 | KB12: 0.0088287641 | KC12: 0.0086313945 | KD12: 0.0084807007 | KE12: 0.0083202629 | KF12: 0.0082776382 | KG12: 0.0083081911 | KH12: 0.0083799858 | KI12: 0.0085565021 | KJ12: 0.0088256825 | KK12: 0.0092331357 | KL12: 0.0098319831 | KM12: 0.010545333 | KN12: 0.011602756 | KO12: 0.012715722 | KP12: 0.013955178 | KQ12: 0.015592511 | KR12: 0.01736553 | KS12: 0.019024222 | KT12: 0.020511983 | KU12: 0.022005749 | KV12: 0.023174147
A13: 12 | B13: R012 | C13: PAK | D13: 175.5 | E13: 288.13559 | F13: 9.4 | G13: 81 | H13: 0.017828928 | I13: 0.017869109 | J13: 0.01806613 | K13: 0.018231764 | L13: 0.018227958 | M13: 0.018133389 | N13: 0.018011331 | O13: 0.018053406 | P13: 0.018157112 | Q13: 0.018198314 | R13: 0.018113049 | S13: 0.017976255 | T13: 0.017853246 | U13: 0.017779806 | V13: 0.017797814 | W13: 0.017830772 | X13: 0.017881392 | Y13: 0.017933591 | Z13: 0.018005235 | AA13: 0.018101377 | AB13: 0.018171054 | AC13: 0.018294133 | AD13: 0.018343585 | AE13: 0.018441108 | AF13: 0.018491702 | AG13: 0.018562209 | AH13: 0.018624898 | AI13: 0.018682167 | AJ13: 0.018758736 | AK13: 0.018790856 | AL13: 0.018858499 | AM13: 0.018892123 | AN13: 0.018931982 | AO13: 0.018963955 | AP13: 0.018986653 | AQ13: 0.019024936 | AR13: 0.019040986 | AS13: 0.019073598 | AT13: 0.019055825 | AU13: 0.019067514 | AV13: 0.019072271 | AW13: 0.019066183 | AX13: 0.019068208 | AY13: 0.01905574 | AZ13: 0.01907345 | BA13: 0.019087055 | BB13: 0.019123015 | BC13: 0.019142135 | BD13: 0.019180612 | BE13: 0.01922479 | BF13: 0.019258409 | BG13: 0.019297685 | BH13: 0.019317975 | BI13: 0.019352893 | BJ13: 0.019361807 | BK13: 0.019369396 | BL13: 0.01936972 | BM13: 0.019374748 | BN13: 0.01938663 | BO13: 0.019378648 | BP13: 0.019334795 | BQ13: 0.019270535 | BR13: 0.019243478 | BS13: 0.019234272 | BT13: 0.019223568 | BU13: 0.01918941 | BV13: 0.019134538 | BW13: 0.019097865 | BX13: 0.019060083 | BY13: 0.019028619 | BZ13: 0.018989763 | CA13: 0.018948115 | CB13: 0.01891196 | CC13: 0.018872397 | CD13: 0.018826504 | CE13: 0.018786979 | CF13: 0.01874861 | CG13: 0.018703842 | CH13: 0.018661383 | CI13: 0.018620235 | CJ13: 0.018560095 | CK13: 0.018519913 | CL13: 0.018490615 | CM13: 0.018449293 | CN13: 0.018397625 | CO13: 0.01834858 | CP13: 0.018303528 | CQ13: 0.018257817 | CR13: 0.018216753 | CS13: 0.01816132 | CT13: 0.018125796 | CU13: 0.018071018 | CV13: 0.01802624 | CW13: 0.017976225 | CX13: 0.017932243 | CY13: 0.017884584 | CZ13: 0.017814447 | DA13: 0.017746766 | DB13: 0.017676592 | DC13: 0.0176156 | DD13: 0.017543361 | DE13: 0.017474564 | DF13: 0.017416884 | DG13: 0.017346617 | DH13: 0.017298594 | DI13: 0.017225783 | DJ13: 0.017165246 | DK13: 0.017079995 | DL13: 0.017013991 | DM13: 0.016957903 | DN13: 0.016882183 | DO13: 0.016853931 | DP13: 0.016788226 | DQ13: 0.016756134 | DR13: 0.016694716 | DS13: 0.01666117 | DT13: 0.016633858 | DU13: 0.016585988 | DV13: 0.016585997 | DW13: 0.016524 | DX13: 0.016531842 | DY13: 0.016517849 | DZ13: 0.016517827 | EA13: 0.016504421 | EB13: 0.016495152 | EC13: 0.016510038 | ED13: 0.016478972 | EE13: 0.016475302 | EF13: 0.016436828 | EG13: 0.016436027 | EH13: 0.016425596 | EI13: 0.016412416 | EJ13: 0.016413731 | EK13: 0.016369077 | EL13: 0.016383649 | EM13: 0.016355076 | EN13: 0.01637158 | EO13: 0.016358835 | EP13: 0.016374153 | EQ13: 0.016380759 | ER13: 0.016346828 | ES13: 0.016362252 | ET13: 0.016334109 | EU13: 0.01632602 | EV13: 0.016293898 | EW13: 0.016254869 | EX13: 0.01621362 | EY13: 0.016178833 | EZ13: 0.016195743 | FA13: 0.016151161 | FB13: 0.016136751 | FC13: 0.016076517 | FD13: 0.016036825 | FE13: 0.01598319 | FF13: 0.015928769 | FG13: 0.015885521 | FH13: 0.01580653 | FI13: 0.015771589 | FJ13: 0.015708641 | FK13: 0.0156617 | FL13: 0.015575517 | FM13: 0.015493062 | FN13: 0.015417121 | FO13: 0.015283788 | FP13: 0.015194042 | FQ13: 0.015014108 | FR13: 0.014890425 | FS13: 0.014742605 | FT13: 0.014650359 | FU13: 0.014590548 | FV13: 0.01451539 | FW13: 0.014486834 | FX13: 0.014451556 | FY13: 0.014428304 | FZ13: 0.014396353 | GA13: 0.014372471 | GB13: 0.014341959 | GC13: 0.014308867 | GD13: 0.014318021 | GE13: 0.014277471 | GF13: 0.014281107 | GG13: 0.014256649 | GH13: 0.014255972 | GI13: 0.014250234 | GJ13: 0.014242662 | GK13: 0.014253529 | GL13: 0.014240364 | GM13: 0.014255485 | GN13: 0.014210397 | GO13: 0.014230831 | GP13: 0.014245954 | GQ13: 0.014255795 | GR13: 0.014284901 | GS13: 0.014306627 | GT13: 0.014350401 | GU13: 0.014353128 | GV13: 0.014393208 | GW13: 0.014421665 | GX13: 0.014447648 | GY13: 0.014477737 | GZ13: 0.01449516 | HA13: 0.014533811 | HB13: 0.014536443 | HC13: 0.014584929 | HD13: 0.014616808 | HE13: 0.014641216 | HF13: 0.014668127 | HG13: 0.014644435 | HH13: 0.014651055 | HI13: 0.014662281 | HJ13: 0.014655525 | HK13: 0.014558849 | HL13: 0.014522334 | HM13: 0.014447337 | HN13: 0.014325084 | HO13: 0.014235401 | HP13: 0.014130522 | HQ13: 0.014066218 | HR13: 0.014055108 | HS13: 0.014024677 | HT13: 0.013964946 | HU13: 0.013934903 | HV13: 0.013909268 | HW13: 0.013908247 | HX13: 0.013894607 | HY13: 0.013778136 | HZ13: 0.013794116 | IA13: 0.013816995 | IB13: 0.013799077 | IC13: 0.01376228 | ID13: 0.013769474 | IE13: 0.013727862 | IF13: 0.013595048 | IG13: 0.013557155 | IH13: 0.013501557 | II13: 0.013399204 | IJ13: 0.013287187 | IK13: 0.013187872 | IL13: 0.013113666 | IM13: 0.0130168 | IN13: 0.012905594 | IO13: 0.012810805 | IP13: 0.012724848 | IQ13: 0.012623934 | IR13: 0.012517107 | IS13: 0.012399362 | IT13: 0.012272053 | IU13: 0.012169848 | IV13: 0.012070805 | IW13: 0.011974686 | IX13: 0.011860849 | IY13: 0.011660319 | IZ13: 0.01147764 | JA13: 0.011312673 | JB13: 0.011075671 | JC13: 0.010872745 | JD13: 0.010752821 | JE13: 0.010649567 | JF13: 0.010579001 | JG13: 0.010564008 | JH13: 0.010550985 | JI13: 0.01061104 | JJ13: 0.010645107 | JK13: 0.010691673 | JL13: 0.010709992 | JM13: 0.010746748 | JN13: 0.010694722 | JO13: 0.010513864 | JP13: 0.010386842 | JQ13: 0.010228838 | JR13: 0.010048338 | JS13: 0.0098902236 | JT13: 0.0096412278 | JU13: 0.0093662915 | JV13: 0.0091097172 | JW13: 0.0088128471 | JX13: 0.0084502152 | JY13: 0.0080858094 | JZ13: 0.0078402501 | KA13: 0.007579395 | KB13: 0.0073556024 | KC13: 0.0072465582 | KD13: 0.007153162 | KE13: 0.0070315569 | KF13: 0.0069919748 | KG13: 0.0069924111 | KH13: 0.0070660898 | KI13: 0.0072140448 | KJ13: 0.0074421382 | KK13: 0.0078161757 | KL13: 0.0085436029 | KM13: 0.009307694 | KN13: 0.010642118 | KO13: 0.011838206 | KP13: 0.013234054 | KQ13: 0.014758968 | KR13: 0.01634393 | KS13: 0.018074347 | KT13: 0.019601417 | KU13: 0.02104401 | KV13: 0.02225576
A14: 13 | B14: R013 | C14: PAK | D14: 210 | F14: 14 | G14: 83 | H14: 0.017167316 | I14: 0.017206967 | J14: 0.017401992 | K14: 0.017586772 | L14: 0.017670219 | M14: 0.0176321 | N14: 0.017488901 | O14: 0.017532433 | P14: 0.017576851 | Q14: 0.017643449 | R14: 0.017577345 | S14: 0.017377529 | T14: 0.017218808 | U14: 0.017135161 | V14: 0.017113055 | W14: 0.017116712 | X14: 0.017134317 | Y14: 0.017152569 | Z14: 0.017193497 | AA14: 0.01728021 | AB14: 0.017344266 | AC14: 0.017469799 | AD14: 0.017543289 | AE14: 0.017634662 | AF14: 0.017675914 | AG14: 0.017748933 | AH14: 0.017821311 | AI14: 0.017882063 | AJ14: 0.017956571 | AK14: 0.018007241 | AL14: 0.018087066 | AM14: 0.018145584 | AN14: 0.018221676 | AO14: 0.018298223 | AP14: 0.018364845 | AQ14: 0.018447252 | AR14: 0.018482631 | AS14: 0.018544183 | AT14: 0.018566699 | AU14: 0.018593263 | AV14: 0.018609553 | AW14: 0.018639864 | AX14: 0.018676553 | AY14: 0.01869529 | AZ14: 0.018759558 | BA14: 0.018815925 | BB14: 0.018923269 | BC14: 0.019024642 | BD14: 0.019143096 | BE14: 0.019273521 | BF14: 0.019402573 | BG14: 0.019538739 | BH14: 0.019676081 | BI14: 0.019792178 | BJ14: 0.019895471 | BK14: 0.019990574 | BL14: 0.020076628 | BM14: 0.020162107 | BN14: 0.020237199 | BO14: 0.020298919 | BP14: 0.020326661 | BQ14: 0.020342704 | BR14: 0.020374837 | BS14: 0.020432195 | BT14: 0.02048796 | BU14: 0.020510969 | BV14: 0.020509574 | BW14: 0.020518375 | BX14: 0.020520306 | BY14: 0.020522196 | BZ14: 0.020529624 | CA14: 0.020537152 | CB14: 0.020541631 | CC14: 0.020530451 | CD14: 0.020523097 | CE14: 0.020522986 | CF14: 0.020514088 | CG14: 0.020505747 | CH14: 0.020484413 | CI14: 0.020461071 | CJ14: 0.020443602 | CK14: 0.020422929 | CL14: 0.020397238 | CM14: 0.020371761 | CN14: 0.020344455 | CO14: 0.020317653 | CP14: 0.020292425 | CQ14: 0.020266265 | CR14: 0.020249033 | CS14: 0.020223609 | CT14: 0.020205735 | CU14: 0.020168603 | CV14: 0.020156541 | CW14: 0.020136452 | CX14: 0.02011381 | CY14: 0.020083205 | CZ14: 0.020046039 | DA14: 0.020016612 | DB14: 0.019966174 | DC14: 0.019919222 | DD14: 0.0198634 | DE14: 0.019814719 | DF14: 0.019782845 | DG14: 0.01973609 | DH14: 0.019708708 | DI14: 0.019656688 | DJ14: 0.019620066 | DK14: 0.01956765 | DL14: 0.019520537 | DM14: 0.019489579 | DN14: 0.019454086 | DO14: 0.019443251 | DP14: 0.019398572 | DQ14: 0.019393952 | DR14: 0.019376333 | DS14: 0.019366711 | DT14: 0.019357102 | DU14: 0.019339194 | DV14: 0.019364243 | DW14: 0.01932641 | DX14: 0.019351989 | DY14: 0.019350691 | DZ14: 0.019354614 | EA14: 0.019358287 | EB14: 0.019353392 | EC14: 0.01937868 | ED14: 0.019360857 | EE14: 0.019383871 | EF14: 0.019350243 | EG14: 0.019346877 | EH14: 0.019315546 | EI14: 0.019333937 | EJ14: 0.019360491 | EK14: 0.019359203 | EL14: 0.019403893 | EM14: 0.019410166 | EN14: 0.019463811 | EO14: 0.019494839 | EP14: 0.019537081 | EQ14: 0.019572005 | ER14: 0.019563428 | ES14: 0.019578152 | ET14: 0.019533243 | EU14: 0.019528441 | EV14: 0.019486507 | EW14: 0.019458614 | EX14: 0.019441019 | EY14: 0.019414018 | EZ14: 0.019424282 | FA14: 0.019377399 | FB14: 0.019378699 | FC14: 0.019308745 | FD14: 0.019265472 | FE14: 0.019201363 | FF14: 0.019142102 | FG14: 0.019096852 | FH14: 0.019023155 | FI14: 0.018980112 | FJ14: 0.018895893 | FK14: 0.018834036 | FL14: 0.018738254 | FM14: 0.018646018 | FN14: 0.018547962 | FO14: 0.018382656 | FP14: 0.018267465 | FQ14: 0.018093009 | FR14: 0.017951045 | FS14: 0.017792454 | FT14: 0.01764066 | FU14: 0.017533218 | FV14: 0.017444823 | FW14: 0.017399875 | FX14: 0.017355309 | FY14: 0.017332049 | FZ14: 0.017273351 | GA14: 0.017256203 | GB14: 0.01723507 | GC14: 0.017189256 | GD14: 0.017184413 | GE14: 0.017122527 | GF14: 0.017129408 | GG14: 0.017096752 | GH14: 0.017092273 | GI14: 0.017090435 | GJ14: 0.017085677 | GK14: 0.017102437 | GL14: 0.017053491 | GM14: 0.017073771 | GN14: 0.017092973 | GO14: 0.017087713 | GP14: 0.017083522 | GQ14: 0.017086634 | GR14: 0.017099991 | GS14: 0.017122606 | GT14: 0.017161438 | GU14: 0.017149583 | GV14: 0.017186081 | GW14: 0.017221075 | GX14: 0.017243426 | GY14: 0.01727092 | GZ14: 0.017216051 | HA14: 0.017247861 | HB14: 0.017246628 | HC14: 0.017287046 | HD14: 0.01733888 | HE14: 0.017311671 | HF14: 0.017254471 | HG14: 0.017216846 | HH14: 0.017209107 | HI14: 0.017179524 | HJ14: 0.01716378 | HK14: 0.017102774 | HL14: 0.017092129 | HM14: 0.016949168 | HN14: 0.016722481 | HO14: 0.016605294 | HP14: 0.016513251 | HQ14: 0.016413511 | HR14: 0.016330188 | HS14: 0.01625771 | HT14: 0.016178466 | HU14: 0.016159341 | HV14: 0.016132639 | HW14: 0.016057796 | HX14: 0.016029422 | HY14: 0.015897247 | HZ14: 0.015921612 | IA14: 0.015976836 | IB14: 0.015897318 | IC14: 0.015819617 | ID14: 0.015724115 | IE14: 0.015657353 | IF14: 0.015663415 | IG14: 0.015567328 | IH14: 0.015425225 | II14: 0.015335957 | IJ14: 0.015254183 | IK14: 0.01514327 | IL14: 0.015050396 | IM14: 0.014938621 | IN14: 0.014807564 | IO14: 0.014672952 | IP14: 0.014580809 | IQ14: 0.014490097 | IR14: 0.014342395 | IS14: 0.014207658 | IT14: 0.014116366 | IU14: 0.014023201 | IV14: 0.013930592 | IW14: 0.013790595 | IX14: 0.01363862 | IY14: 0.01344113 | IZ14: 0.013266541 | JA14: 0.013075805 | JB14: 0.012853882 | JC14: 0.012650903 | JD14: 0.012512535 | JE14: 0.012398439 | JF14: 0.012303769 | JG14: 0.012262171 | JH14: 0.012265667 | JI14: 0.012304832 | JJ14: 0.012272325 | JK14: 0.012281599 | JL14: 0.01230496 | JM14: 0.012201888 | JN14: 0.012002782 | JO14: 0.011817292 | JP14: 0.011641567 | JQ14: 0.011403662 | JR14: 0.011125212 | JS14: 0.010869334 | JT14: 0.010612513 | JU14: 0.010348879 | JV14: 0.01000484 | JW14: 0.0096289251 | JX14: 0.0092779202 | JY14: 0.0088603006 | JZ14: 0.0085264592 | KA14: 0.0082668547 | KB14: 0.0080586493 | KC14: 0.0078764588 | KD14: 0.0077358702 | KE14: 0.0076203031 | KF14: 0.0075812214 | KG14: 0.0075765235 | KH14: 0.0076810055 | KI14: 0.0079446275 | KJ14: 0.0081650453 | KK14: 0.0085409941 | KL14: 0.0091705067 | KM14: 0.0098983556 | KN14: 0.010959099 | KO14: 0.012159791 | KP14: 0.013804447 | KQ14: 0.0153974 | KR14: 0.017072235 | KS14: 0.018544538 | KT14: 0.019958433 | KU14: 0.021135005 | KV14: 0.022197102
A15: 14 | B15: R014 | C15: PAK | D15: 234 | E15: 403.84615 | F15: 10 | G15: 74 | H15: 0.020992699 | I15: 0.020954464 | J15: 0.02100669 | K15: 0.020990667 | L15: 0.020907757 | M15: 0.020855785 | N15: 0.020848541 | O15: 0.020906937 | P15: 0.020977534 | Q15: 0.020986669 | R15: 0.02094689 | S15: 0.020855735 | T15: 0.020851205 | U15: 0.020897509 | V15: 0.020991958 | W15: 0.021013266 | X15: 0.021123138 | Y15: 0.021240613 | Z15: 0.021360932 | AA15: 0.0214925 | AB15: 0.021601349 | AC15: 0.021725628 | AD15: 0.021820303 | AE15: 0.02191898 | AF15: 0.021994298 | AG15: 0.022081989 | AH15: 0.022155064 | AI15: 0.022234569 | AJ15: 0.022310315 | AK15: 0.022362679 | AL15: 0.022431665 | AM15: 0.022487606 | AN15: 0.022567924 | AO15: 0.022654067 | AP15: 0.022732014 | AQ15: 0.022810234 | AR15: 0.02285858 | AS15: 0.022925037 | AT15: 0.022965499 | AU15: 0.023010655 | AV15: 0.023059083 | AW15: 0.02309881 | AX15: 0.023144876 | AY15: 0.023205011 | AZ15: 0.023288979 | BA15: 0.02337791 | BB15: 0.023485299 | BC15: 0.023596622 | BD15: 0.023721254 | BE15: 0.023849607 | BF15: 0.02398102 | BG15: 0.024105297 | BH15: 0.024224914 | BI15: 0.024327042 | BJ15: 0.024427421 | BK15: 0.024507429 | BL15: 0.024586777 | BM15: 0.024671116 | BN15: 0.024717245 | BO15: 0.024762653 | BP15: 0.024745477 | BQ15: 0.024733348 | BR15: 0.024736484 | BS15: 0.024776544 | BT15: 0.024810357 | BU15: 0.024800856 | BV15: 0.024800726 | BW15: 0.024762556 | BX15: 0.024755716 | BY15: 0.024742053 | BZ15: 0.02471117 | CA15: 0.024692432 | CB15: 0.024676343 | CC15: 0.024670361 | CD15: 0.024622178 | CE15: 0.024593908 | CF15: 0.024552146 | CG15: 0.024517209 | CH15: 0.024472903 | CI15: 0.02442581 | CJ15: 0.024390272 | CK15: 0.024335643 | CL15: 0.024302277 | CM15: 0.024252057 | CN15: 0.024228574 | CO15: 0.024194603 | CP15: 0.024157492 | CQ15: 0.02414562 | CR15: 0.024102114 | CS15: 0.024071148 | CT15: 0.024027942 | CU15: 0.024001629 | CV15: 0.02395536 | CW15: 0.02390853 | CX15: 0.023874585 | CY15: 0.02380637 | CZ15: 0.023742616 | DA15: 0.02366233 | DB15: 0.02358109 | DC15: 0.023504782 | DD15: 0.023427198 | DE15: 0.023350131 | DF15: 0.02327742 | DG15: 0.02320952 | DH15: 0.023133785 | DI15: 0.023047678 | DJ15: 0.022975064 | DK15: 0.022905584 | DL15: 0.022819906 | DM15: 0.022747396 | DN15: 0.022679899 | DO15: 0.022636412 | DP15: 0.022572897 | DQ15: 0.022535278 | DR15: 0.022489243 | DS15: 0.022453345 | DT15: 0.022435191 | DU15: 0.022419425 | DV15: 0.022413524 | DW15: 0.022363994 | DX15: 0.022362268 | DY15: 0.022350444 | DZ15: 0.022354177 | EA15: 0.022356194 | EB15: 0.022361957 | EC15: 0.022375807 | ED15: 0.022341797 | EE15: 0.02233934 | EF15: 0.022311255 | EG15: 0.022297994 | EH15: 0.022268352 | EI15: 0.022233847 | EJ15: 0.022231263 | EK15: 0.022179909 | EL15: 0.0222038 | EM15: 0.022210181 | EN15: 0.02224706 | EO15: 0.022274194 | EP15: 0.022320704 | EQ15: 0.022361458 | ER15: 0.022359888 | ES15: 0.022380963 | ET15: 0.022359627 | EU15: 0.022356802 | EV15: 0.022293913 | EW15: 0.022259363 | EX15: 0.022232279 | EY15: 0.022206394 | EZ15: 0.022198608 | FA15: 0.022093726 | FB15: 0.022068307 | FC15: 0.022008818 | FD15: 0.02196411 | FE15: 0.02190545 | FF15: 0.021837753 | FG15: 0.021780182 | FH15: 0.021704564 | FI15: 0.021663455 | FJ15: 0.021557947 | FK15: 0.021478365 | FL15: 0.021358007 | FM15: 0.021237758 | FN15: 0.021136808 | FO15: 0.020971367 | FP15: 0.020824021 | FQ15: 0.02060216 | FR15: 0.020437502 | FS15: 0.020269271 | FT15: 0.020122949 | FU15: 0.02001126 | FV15: 0.019912386 | FW15: 0.019863866 | FX15: 0.019794294 | FY15: 0.019775207 | FZ15: 0.019739752 | GA15: 0.01970418 | GB15: 0.019671528 | GC15: 0.019620507 | GD15: 0.019597374 | GE15: 0.01955977 | GF15: 0.019543596 | GG15: 0.019451614 | GH15: 0.019436178 | GI15: 0.019419042 | GJ15: 0.01937969 | GK15: 0.019359427 | GL15: 0.019342822 | GM15: 0.019346638 | GN15: 0.019331163 | GO15: 0.019310398 | GP15: 0.019294773 | GQ15: 0.019305248 | GR15: 0.019329524 | GS15: 0.019316988 | GT15: 0.01933896 | GU15: 0.019329561 | GV15: 0.019355095 | GW15: 0.019344797 | GX15: 0.019334082 | GY15: 0.019330022 | GZ15: 0.019363821 | HA15: 0.019395089 | HB15: 0.019360273 | HC15: 0.019364128 | HD15: 0.01935046 | HE15: 0.019319685 | HF15: 0.019320058 | HG15: 0.019282355 | HH15: 0.019270474 | HI15: 0.019190626 | HJ15: 0.019185743 | HK15: 0.019125457 | HL15: 0.019127568 | HM15: 0.018984434 | HN15: 0.018717264 | HO15: 0.018575006 | HP15: 0.018381436 | HQ15: 0.018240301 | HR15: 0.018162246 | HS15: 0.018087711 | HT15: 0.017996533 | HU15: 0.017889388 | HV15: 0.017806077 | HW15: 0.017818995 | HX15: 0.017774843 | HY15: 0.017615732 | HZ15: 0.017575281 | IA15: 0.017520388 | IB15: 0.017487005 | IC15: 0.017409421 | ID15: 0.017316361 | IE15: 0.017241109 | IF15: 0.017141551 | IG15: 0.017084299 | IH15: 0.016968975 | II15: 0.016901595 | IJ15: 0.016807815 | IK15: 0.016675677 | IL15: 0.016554388 | IM15: 0.01641337 | IN15: 0.016279404 | IO15: 0.016089561 | IP15: 0.015998031 | IQ15: 0.015931732 | IR15: 0.015797785 | IS15: 0.015677053 | IT15: 0.015514206 | IU15: 0.015403981 | IV15: 0.015280638 | IW15: 0.015173174 | IX15: 0.015075194 | IY15: 0.014945651 | IZ15: 0.014814106 | JA15: 0.014653731 | JB15: 0.014452976 | JC15: 0.014205516 | JD15: 0.014027406 | JE15: 0.0138171 | JF15: 0.013587445 | JG15: 0.013357858 | JH15: 0.01314328 | JI15: 0.012983589 | JJ15: 0.012849835 | JK15: 0.012808838 | JL15: 0.012694616 | JM15: 0.012626442 | JN15: 0.012476701 | JO15: 0.012352287 | JP15: 0.012186645 | JQ15: 0.012045671 | JR15: 0.011788969 | JS15: 0.011510308 | JT15: 0.011242371 | JU15: 0.010989168 | JV15: 0.010607236 | JW15: 0.010218772 | JX15: 0.0098329157 | JY15: 0.0094183033 | JZ15: 0.0091024042 | KA15: 0.0088299014 | KB15: 0.0085927196 | KC15: 0.0084355786 | KD15: 0.0082989152 | KE15: 0.0081486789 | KF15: 0.0080759397 | KG15: 0.0080413355 | KH15: 0.0080876919 | KI15: 0.0081701435 | KJ15: 0.0083392192 | KK15: 0.0086216473 | KL15: 0.0091482007 | KM15: 0.0097788895 | KN15: 0.010838688 | KO15: 0.011988579 | KP15: 0.013594159 | KQ15: 0.015211674 | KR15: 0.016917745 | KS15: 0.018276999 | KT15: 0.019710377 | KU15: 0.020961435 | KV15: 0.022302969
A16: 15 | B16: R015 | C16: PAK | D16: 261 | F16: 9 | G16: 64 | H16: 0.025842418 | I16: 0.026069895 | J16: 0.026315569 | K16: 0.026409951 | L16: 0.026310534 | M16: 0.026134701 | N16: 0.026029067 | O16: 0.026083898 | P16: 0.02617717 | Q16: 0.026133588 | R16: 0.025945363 | S16: 0.025847919 | T16: 0.025796964 | U16: 0.025817323 | V16: 0.025913628 | W16: 0.026011234 | X16: 0.026125378 | Y16: 0.0262351 | Z16: 0.026382915 | AA16: 0.026544107 | AB16: 0.026705035 | AC16: 0.02687224 | AD16: 0.027009874 | AE16: 0.027139034 | AF16: 0.027230265 | AG16: 0.027315877 | AH16: 0.027389431 | AI16: 0.027467543 | AJ16: 0.027554841 | AK16: 0.027627447 | AL16: 0.027708085 | AM16: 0.027794137 | AN16: 0.027900291 | AO16: 0.028015396 | AP16: 0.028113801 | AQ16: 0.028211073 | AR16: 0.028300372 | AS16: 0.028381917 | AT16: 0.028422588 | AU16: 0.028460644 | AV16: 0.028499645 | AW16: 0.028553787 | AX16: 0.028612423 | AY16: 0.028681276 | AZ16: 0.028772448 | BA16: 0.028888683 | BB16: 0.029040528 | BC16: 0.029200411 | BD16: 0.02937396 | BE16: 0.029559943 | BF16: 0.029752964 | BG16: 0.029920891 | BH16: 0.030120275 | BI16: 0.030261269 | BJ16: 0.030402789 | BK16: 0.030517237 | BL16: 0.030625811 | BM16: 0.030744101 | BN16: 0.030824957 | BO16: 0.030899143 | BP16: 0.030893341 | BQ16: 0.030889518 | BR16: 0.030913084 | BS16: 0.030986476 | BT16: 0.031058509 | BU16: 0.03107667 | BV16: 0.031084053 | BW16: 0.031065476 | BX16: 0.031079005 | BY16: 0.03107857 | BZ16: 0.031084715 | CA16: 0.031073947 | CB16: 0.031063696 | CC16: 0.031068021 | CD16: 0.031034824 | CE16: 0.031009032 | CF16: 0.03098123 | CG16: 0.030961838 | CH16: 0.030922432 | CI16: 0.030880459 | CJ16: 0.030835123 | CK16: 0.030783367 | CL16: 0.030749519 | CM16: 0.030703605 | CN16: 0.030654861 | CO16: 0.030604898 | CP16: 0.030566535 | CQ16: 0.030529365 | CR16: 0.030481319 | CS16: 0.030452679 | CT16: 0.030413073 | CU16: 0.030374182 | CV16: 0.030334001 | CW16: 0.030287211 | CX16: 0.030233272 | CY16: 0.030169495 | CZ16: 0.030100763 | DA16: 0.029997429 | DB16: 0.029909704 | DC16: 0.0298222 | DD16: 0.029732649 | DE16: 0.029651019 | DF16: 0.029567532 | DG16: 0.029494709 | DH16: 0.029404837 | DI16: 0.02932198 | DJ16: 0.029228244 | DK16: 0.029128794 | DL16: 0.029029349 | DM16: 0.028942522 | DN16: 0.028873954 | DO16: 0.028809529 | DP16: 0.028757826 | DQ16: 0.028692423 | DR16: 0.028639077 | DS16: 0.028586658 | DT16: 0.028546217 | DU16: 0.028527681 | DV16: 0.028525827 | DW16: 0.028487223 | DX16: 0.028477035 | DY16: 0.028458502 | DZ16: 0.028465326 | EA16: 0.028471852 | EB16: 0.028463071 | EC16: 0.02845881 | ED16: 0.028420469 | EE16: 0.028394625 | EF16: 0.028355072 | EG16: 0.028339301 | EH16: 0.028320322 | EI16: 0.028286259 | EJ16: 0.028265574 | EK16: 0.028231728 | EL16: 0.028251132 | EM16: 0.028235227 | EN16: 0.028273722 | EO16: 0.028305264 | EP16: 0.028335033 | EQ16: 0.028358619 | ER16: 0.028344007 | ES16: 0.028340985 | ET16: 0.028256828 | EU16: 0.028210123 | EV16: 0.028152195 | EW16: 0.028085873 | EX16: 0.028035466 | EY16: 0.027997394 | EZ16: 0.027967338 | FA16: 0.027894998 | FB16: 0.027828006 | FC16: 0.0277399 | FD16: 0.027670554 | FE16: 0.027577787 | FF16: 0.027467718 | FG16: 0.027365707 | FH16: 0.027275597 | FI16: 0.02719195 | FJ16: 0.027106279 | FK16: 0.026973113 | FL16: 0.026812578 | FM16: 0.026632904 | FN16: 0.026462249 | FO16: 0.026259352 | FP16: 0.026079457 | FQ16: 0.025840994 | FR16: 0.025599476 | FS16: 0.025384844 | FT16: 0.025178769 | FU16: 0.025023352 | FV16: 0.024882648 | FW16: 0.024818516 | FX16: 0.024717487 | FY16: 0.024668907 | FZ16: 0.024596525 | GA16: 0.024527223 | GB16: 0.024455775 | GC16: 0.024408372 | GD16: 0.024370517 | GE16: 0.024295664 | GF16: 0.024274644 | GG16: 0.024227299 | GH16: 0.024187371 | GI16: 0.024159001 | GJ16: 0.024116061 | GK16: 0.024087785 | GL16: 0.024035212 | GM16: 0.024021626 | GN16: 0.023989178 | GO16: 0.023980292 | GP16: 0.023986831 | GQ16: 0.023973934 | GR16: 0.023985063 | GS16: 0.023978209 | GT16: 0.023992516 | GU16: 0.023941494 | GV16: 0.023951707 | GW16: 0.023951009 | GX16: 0.02397287 | GY16: 0.024025196 | GZ16: 0.02398764 | HA16: 0.023985117 | HB16: 0.024001956 | HC16: 0.024001171 | HD16: 0.02395874 | HE16: 0.023964437 | HF16: 0.023960106 | HG16: 0.023931553 | HH16: 0.023911939 | HI16: 0.023731441 | HJ16: 0.023674153 | HK16: 0.023585519 | HL16: 0.023528345 | HM16: 0.023325105 | HN16: 0.023046144 | HO16: 0.02287128 | HP16: 0.022668349 | HQ16: 0.022474055 | HR16: 0.022214102 | HS16: 0.022128108 | HT16: 0.022016679 | HU16: 0.021938329 | HV16: 0.021910851 | HW16: 0.021745566 | HX16: 0.021659662 | HY16: 0.021569656 | HZ16: 0.02151637 | IA16: 0.021425523 | IB16: 0.021373006 | IC16: 0.021326066 | ID16: 0.021251424 | IE16: 0.02114414 | IF16: 0.020913248 | IG16: 0.020828948 | IH16: 0.020728538 | II16: 0.020609745 | IJ16: 0.020475062 | IK16: 0.020391484 | IL16: 0.020307213 | IM16: 0.020108035 | IN16: 0.019968779 | IO16: 0.01976068 | IP16: 0.019640634 | IQ16: 0.019507641 | IR16: 0.019365785 | IS16: 0.019212108 | IT16: 0.019101876 | IU16: 0.018969237 | IV16: 0.018810582 | IW16: 0.018671693 | IX16: 0.01848201 | IY16: 0.018308525 | IZ16: 0.018150341 | JA16: 0.017954004 | JB16: 0.017717396 | JC16: 0.017537802 | JD16: 0.017335541 | JE16: 0.01710795 | JF16: 0.0168937 | JG16: 0.01668842 | JH16: 0.016458229 | JI16: 0.016278108 | JJ16: 0.016088989 | JK16: 0.015970865 | JL16: 0.01589737 | JM16: 0.015751455 | JN16: 0.01550357 | JO16: 0.01519256 | JP16: 0.014906897 | JQ16: 0.014672656 | JR16: 0.014271143 | JS16: 0.013844613 | JT16: 0.013455701 | JU16: 0.01306478 | JV16: 0.01265874 | JW16: 0.012191488 | JX16: 0.011693653 | JY16: 0.011190573 | JZ16: 0.010848335 | KA16: 0.010523896 | KB16: 0.010303639 | KC16: 0.010046608 | KD16: 0.0098481462 | KE16: 0.0097459672 | KF16: 0.0096868346 | KG16: 0.0096231434 | KH16: 0.0096385096 | KI16: 0.0097213006 | KJ16: 0.0099297167 | KK16: 0.010259302 | KL16: 0.010796282 | KM16: 0.01144378 | KN16: 0.012346408 | KO16: 0.013455963 | KP16: 0.014752541 | KQ16: 0.016289883 | KR16: 0.017935829 | KS16: 0.019305536 | KT16: 0.020587073 | KU16: 0.021834429 | KV16: 0.02304814
A17: 16 | B17: R016 | C17: PAK | D17: 221.5 | E17: 278.68852 | F17: 7.9 | G17: 56.4 | H17: 0.019480972 | I17: 0.019633647 | J17: 0.019819611 | K17: 0.019938017 | L17: 0.01988117 | M17: 0.019763295 | N17: 0.019662551 | O17: 0.019690737 | P17: 0.019719027 | Q17: 0.019696035 | R17: 0.019549615 | S17: 0.019366376 | T17: 0.019236263 | U17: 0.019152745 | V17: 0.019128939 | W17: 0.01909328 | X17: 0.019120233 | Y17: 0.019162733 | Z17: 0.019189741 | AA17: 0.019254312 | AB17: 0.019294714 | AC17: 0.01938863 | AD17: 0.019416572 | AE17: 0.019490322 | AF17: 0.019520831 | AG17: 0.019561469 | AH17: 0.019600652 | AI17: 0.019630195 | AJ17: 0.019676991 | AK17: 0.019704418 | AL17: 0.019755091 | AM17: 0.019779548 | AN17: 0.019827738 | AO17: 0.019886256 | AP17: 0.019917632 | AQ17: 0.019963369 | AR17: 0.019972649 | AS17: 0.020014355 | AT17: 0.020027923 | AU17: 0.020036389 | AV17: 0.020036274 | AW17: 0.020043848 | AX17: 0.020069686 | AY17: 0.02008605 | AZ17: 0.020137222 | BA17: 0.020188531 | BB17: 0.020281075 | BC17: 0.02037192 | BD17: 0.020469489 | BE17: 0.020574761 | BF17: 0.020671558 | BG17: 0.020769095 | BH17: 0.020848435 | BI17: 0.02093814 | BJ17: 0.021014835 | BK17: 0.02107927 | BL17: 0.021137456 | BM17: 0.02120097 | BN17: 0.021245023 | BO17: 0.02127488 | BP17: 0.021261645 | BQ17: 0.021237882 | BR17: 0.021237518 | BS17: 0.021271696 | BT17: 0.021299789 | BU17: 0.021294095 | BV17: 0.021296149 | BW17: 0.021273518 | BX17: 0.021254758 | BY17: 0.021232893 | BZ17: 0.021219788 | CA17: 0.021205302 | CB17: 0.021186595 | CC17: 0.021163235 | CD17: 0.021130784 | CE17: 0.021103499 | CF17: 0.021070833 | CG17: 0.021032787 | CH17: 0.020991311 | CI17: 0.0209437 | CJ17: 0.020904247 | CK17: 0.020852284 | CL17: 0.020828039 | CM17: 0.020777467 | CN17: 0.020739209 | CO17: 0.020692744 | CP17: 0.020651337 | CQ17: 0.020618196 | CR17: 0.020577826 | CS17: 0.020536876 | CT17: 0.020500816 | CU17: 0.020463698 | CV17: 0.020419029 | CW17: 0.020380284 | CX17: 0.020323652 | CY17: 0.020265834 | CZ17: 0.020198391 | DA17: 0.020122172 | DB17: 0.020039863 | DC17: 0.019961863 | DD17: 0.019884992 | DE17: 0.019820566 | DF17: 0.019756687 | DG17: 0.019682621 | DH17: 0.019627916 | DI17: 0.019542991 | DJ17: 0.019492474 | DK17: 0.019426006 | DL17: 0.019351757 | DM17: 0.019288221 | DN17: 0.019219041 | DO17: 0.019183276 | DP17: 0.019124373 | DQ17: 0.019091809 | DR17: 0.01904991 | DS17: 0.019017987 | DT17: 0.018993975 | DU17: 0.018956683 | DV17: 0.018951702 | DW17: 0.018891582 | DX17: 0.018895384 | DY17: 0.018853697 | DZ17: 0.018852929 | EA17: 0.018845806 | EB17: 0.01884066 | EC17: 0.018851693 | ED17: 0.018806306 | EE17: 0.018812526 | EF17: 0.018772532 | EG17: 0.018768209 | EH17: 0.018753393 | EI17: 0.018738635 | EJ17: 0.018731591 | EK17: 0.018696656 | EL17: 0.018734002 | EM17: 0.018711777 | EN17: 0.018748238 | EO17: 0.018765939 | EP17: 0.018785808 | EQ17: 0.018799487 | ER17: 0.018769029 | ES17: 0.018775877 | ET17: 0.018689402 | EU17: 0.018670478 | EV17: 0.018603473 | EW17: 0.018555661 | EX17: 0.018517707 | EY17: 0.018491681 | EZ17: 0.018494511 | FA17: 0.018417095 | FB17: 0.018387667 | FC17: 0.01835721 | FD17: 0.018311784 | FE17: 0.018245925 | FF17: 0.018176143 | FG17: 0.018123011 | FH17: 0.018033277 | FI17: 0.017989297 | FJ17: 0.017901005 | FK17: 0.017824044 | FL17: 0.017705371 | FM17: 0.017601653 | FN17: 0.017503566 | FO17: 0.017373759 | FP17: 0.017266246 | FQ17: 0.017077299 | FR17: 0.016929877 | FS17: 0.016774284 | FT17: 0.01664599 | FU17: 0.016550329 | FV17: 0.016472548 | FW17: 0.016427545 | FX17: 0.016345326 | FY17: 0.016325874 | FZ17: 0.016272175 | GA17: 0.016248965 | GB17: 0.016220096 | GC17: 0.016175165 | GD17: 0.016162883 | GE17: 0.016134107 | GF17: 0.016112134 | GG17: 0.016064671 | GH17: 0.016048717 | GI17: 0.016017263 | GJ17: 0.015986081 | GK17: 0.015977113 | GL17: 0.01596737 | GM17: 0.015974979 | GN17: 0.015942422 | GO17: 0.015944529 | GP17: 0.015959044 | GQ17: 0.015958733 | GR17: 0.015971248 | GS17: 0.015984107 | GT17: 0.01599846 | GU17: 0.015976085 | GV17: 0.015989327 | GW17: 0.016000352 | GX17: 0.016029838 | GY17: 0.016070236 | GZ17: 0.01603903 | HA17: 0.0160583 | HB17: 0.016075297 | HC17: 0.016092768 | HD17: 0.016110652 | HE17: 0.016104491 | HF17: 0.016109448 | HG17: 0.016088404 | HH17: 0.016074991 | HI17: 0.016037406 | HJ17: 0.016028358 | HK17: 0.015876579 | HL17: 0.015918155 | HM17: 0.015848135 | HN17: 0.015654353 | HO17: 0.015552046 | HP17: 0.015440174 | HQ17: 0.015336673 | HR17: 0.015215456 | HS17: 0.015167257 | HT17: 0.015089308 | HU17: 0.01503463 | HV17: 0.014979305 | HW17: 0.014953338 | HX17: 0.014916316 | HY17: 0.014858661 | HZ17: 0.014814894 | IA17: 0.014782511 | IB17: 0.014720878 | IC17: 0.014639577 | ID17: 0.014514194 | IE17: 0.01443991 | IF17: 0.014381567 | IG17: 0.014294516 | IH17: 0.014162608 | II17: 0.014059327 | IJ17: 0.013979668 | IK17: 0.013847829 | IL17: 0.01369963 | IM17: 0.013551508 | IN17: 0.013411233 | IO17: 0.01325476 | IP17: 0.013158706 | IQ17: 0.013076023 | IR17: 0.012966684 | IS17: 0.012825428 | IT17: 0.012784928 | IU17: 0.012631612 | IV17: 0.012454377 | IW17: 0.012327987 | IX17: 0.012175441 | IY17: 0.011974305 | IZ17: 0.011783659 | JA17: 0.011589396 | JB17: 0.011368705 | JC17: 0.011163862 | JD17: 0.011032401 | JE17: 0.010871609 | JF17: 0.01077248 | JG17: 0.010719269 | JH17: 0.010655741 | JI17: 0.010660013 | JJ17: 0.01060969 | JK17: 0.010651534 | JL17: 0.01070808 | JM17: 0.010692729 | JN17: 0.010598621 | JO17: 0.01056484 | JP17: 0.010485036 | JQ17: 0.010339385 | JR17: 0.010148058 | JS17: 0.009976976 | JT17: 0.0097606094 | JU17: 0.0095129068 | JV17: 0.0091545422 | JW17: 0.0088138629 | JX17: 0.0085406919 | JY17: 0.0082405311 | JZ17: 0.008014999 | KA17: 0.0077769457 | KB17: 0.0076136555 | KC17: 0.0074527769 | KD17: 0.007326189 | KE17: 0.0072591286 | KF17: 0.0072331446 | KG17: 0.0071324982 | KH17: 0.0072113562 | KI17: 0.0073607068 | KJ17: 0.0076195049 | KK17: 0.008028333 | KL17: 0.0085852621 | KM17: 0.0092433789 | KN17: 0.010467766 | KO17: 0.011558667 | KP17: 0.012863236 | KQ17: 0.014371362 | KR17: 0.015930333 | KS17: 0.017494458 | KT17: 0.018883736 | KU17: 0.020583887 | KV17: 0.021900334
A18: 17 | B18: R017 | C18: PAK | D18: 220 | F18: 7.9 | G18: 57.2 | H18: 0.023140009 | I18: 0.023320159 | J18: 0.023565537 | K18: 0.023719817 | L18: 0.023680035 | M18: 0.023525675 | N18: 0.023354616 | O18: 0.023384223 | P18: 0.02345763 | Q18: 0.023447997 | R18: 0.02330963 | S18: 0.023140883 | T18: 0.022995746 | U18: 0.022894811 | V18: 0.022889474 | W18: 0.022910209 | X18: 0.022932376 | Y18: 0.022966394 | Z18: 0.022999645 | AA18: 0.02307596 | AB18: 0.023141432 | AC18: 0.023240267 | AD18: 0.023294 | AE18: 0.023365963 | AF18: 0.023419944 | AG18: 0.023463851 | AH18: 0.023503866 | AI18: 0.023535651 | AJ18: 0.023590537 | AK18: 0.023650386 | AL18: 0.023700816 | AM18: 0.023737178 | AN18: 0.023789885 | AO18: 0.02384647 | AP18: 0.02389506 | AQ18: 0.023952232 | AR18: 0.023965725 | AS18: 0.024004261 | AT18: 0.023999708 | AU18: 0.024020225 | AV18: 0.024037505 | AW18: 0.024047286 | AX18: 0.024066967 | AY18: 0.024069477 | AZ18: 0.024112435 | BA18: 0.024196778 | BB18: 0.024276756 | BC18: 0.024364681 | BD18: 0.02447132 | BE18: 0.024577229 | BF18: 0.024667684 | BG18: 0.024758268 | BH18: 0.024865339 | BI18: 0.024937126 | BJ18: 0.025003301 | BK18: 0.025060969 | BL18: 0.025114672 | BM18: 0.025186926 | BN18: 0.025226517 | BO18: 0.025275853 | BP18: 0.025253036 | BQ18: 0.02523139 | BR18: 0.025227391 | BS18: 0.025253292 | BT18: 0.02529946 | BU18: 0.025301833 | BV18: 0.025290881 | BW18: 0.02526431 | BX18: 0.025256622 | BY18: 0.025231351 | BZ18: 0.02521527 | CA18: 0.025207569 | CB18: 0.025180032 | CC18: 0.025162113 | CD18: 0.025124353 | CE18: 0.025099135 | CF18: 0.025063897 | CG18: 0.025020344 | CH18: 0.02496942 | CI18: 0.024911653 | CJ18: 0.024882288 | CK18: 0.024827629 | CL18: 0.024785869 | CM18: 0.024734968 | CN18: 0.024692204 | CO18: 0.024643467 | CP18: 0.024600248 | CQ18: 0.024561047 | CR18: 0.024511626 | CS18: 0.024463248 | CT18: 0.024417184 | CU18: 0.024366922 | CV18: 0.024308437 | CW18: 0.024250817 | CX18: 0.024203437 | CY18: 0.024141719 | CZ18: 0.024081071 | DA18: 0.023999097 | DB18: 0.023921182 | DC18: 0.023836311 | DD18: 0.023749061 | DE18: 0.023675822 | DF18: 0.023604865 | DG18: 0.023526769 | DH18: 0.02345566 | DI18: 0.023385145 | DJ18: 0.023311884 | DK18: 0.023229437 | DL18: 0.02314601 | DM18: 0.023077588 | DN18: 0.02301706 | DO18: 0.022977056 | DP18: 0.022900331 | DQ18: 0.022861997 | DR18: 0.022803338 | DS18: 0.022763858 | DT18: 0.022735842 | DU18: 0.02269301 | DV18: 0.022670985 | DW18: 0.022627957 | DX18: 0.022620793 | DY18: 0.022582893 | DZ18: 0.022582343 | EA18: 0.022576993 | EB18: 0.022555673 | EC18: 0.022559344 | ED18: 0.022521686 | EE18: 0.022508829 | EF18: 0.022468707 | EG18: 0.022449511 | EH18: 0.022410072 | EI18: 0.022376259 | EJ18: 0.022367391 | EK18: 0.022341125 | EL18: 0.022356508 | EM18: 0.022358653 | EN18: 0.02238516 | EO18: 0.02238346 | EP18: 0.022396123 | EQ18: 0.022415908 | ER18: 0.022400211 | ES18: 0.022401375 | ET18: 0.022313493 | EU18: 0.022292075 | EV18: 0.022224537 | EW18: 0.022158094 | EX18: 0.022098766 | EY18: 0.02205021 | EZ18: 0.022026494 | FA18: 0.021940412 | FB18: 0.021895332 | FC18: 0.021829329 | FD18: 0.021786872 | FE18: 0.021731868 | FF18: 0.021652576 | FG18: 0.021589923 | FH18: 0.021493702 | FI18: 0.021430331 | FJ18: 0.021319185 | FK18: 0.021236255 | FL18: 0.021124409 | FM18: 0.021008959 | FN18: 0.020887025 | FO18: 0.020723912 | FP18: 0.020573994 | FQ18: 0.020376316 | FR18: 0.020203402 | FS18: 0.02001318 | FT18: 0.01985731 | FU18: 0.019735623 | FV18: 0.019661816 | FW18: 0.019622446 | FX18: 0.019507092 | FY18: 0.019479607 | FZ18: 0.019430958 | GA18: 0.019385434 | GB18: 0.019337059 | GC18: 0.019286571 | GD18: 0.019284247 | GE18: 0.019206204 | GF18: 0.019193876 | GG18: 0.019158414 | GH18: 0.019144063 | GI18: 0.01912056 | GJ18: 0.019096966 | GK18: 0.01909826 | GL18: 0.01907675 | GM18: 0.01907086 | GN18: 0.01905553 | GO18: 0.019047431 | GP18: 0.019028035 | GQ18: 0.018991779 | GR18: 0.018999637 | GS18: 0.018990317 | GT18: 0.01900132 | GU18: 0.019029262 | GV18: 0.019061178 | GW18: 0.019060132 | GX18: 0.019086091 | GY18: 0.019127039 | GZ18: 0.019136917 | HA18: 0.01917261 | HB18: 0.019129574 | HC18: 0.019147163 | HD18: 0.019164164 | HE18: 0.019146433 | HF18: 0.019137273 | HG18: 0.019103966 | HH18: 0.019085694 | HI18: 0.019047594 | HJ18: 0.01903342 | HK18: 0.018943909 | HL18: 0.018985799 | HM18: 0.018893547 | HN18: 0.018591646 | HO18: 0.018444834 | HP18: 0.018277547 | HQ18: 0.018172912 | HR18: 0.018088555 | HS18: 0.018039116 | HT18: 0.017967153 | HU18: 0.017879232 | HV18: 0.017792629 | HW18: 0.017723582 | HX18: 0.017669912 | HY18: 0.017577753 | HZ18: 0.017546654 | IA18: 0.017466172 | IB18: 0.017390326 | IC18: 0.017302729 | ID18: 0.017221272 | IE18: 0.01712603 | IF18: 0.017023364 | IG18: 0.016962037 | IH18: 0.016953781 | II18: 0.016868899 | IJ18: 0.016778102 | IK18: 0.016647687 | IL18: 0.016514198 | IM18: 0.016309847 | IN18: 0.016160871 | IO18: 0.015985354 | IP18: 0.015879329 | IQ18: 0.015791728 | IR18: 0.015667734 | IS18: 0.01554665 | IT18: 0.015394164 | IU18: 0.015245348 | IV18: 0.015044654 | IW18: 0.014901266 | IX18: 0.014731939 | IY18: 0.014567958 | IZ18: 0.014401337 | JA18: 0.014245717 | JB18: 0.014000236 | JC18: 0.013774413 | JD18: 0.013608093 | JE18: 0.013464983 | JF18: 0.013367274 | JG18: 0.013307803 | JH18: 0.013245304 | JI18: 0.013251445 | JJ18: 0.013185428 | JK18: 0.013196234 | JL18: 0.013212644 | JM18: 0.013153479 | JN18: 0.01300797 | JO18: 0.012813612 | JP18: 0.012632084 | JQ18: 0.012462949 | JR18: 0.01217339 | JS18: 0.011785346 | JT18: 0.011496171 | JU18: 0.011214132 | JV18: 0.010849859 | JW18: 0.010481472 | JX18: 0.010162083 | JY18: 0.0097347555 | JZ18: 0.0093567774 | KA18: 0.009090958 | KB18: 0.0088622882 | KC18: 0.0086842237 | KD18: 0.0085601615 | KE18: 0.008431422 | KF18: 0.0083951939 | KG18: 0.0083970138 | KH18: 0.0084876109 | KI18: 0.0086674467 | KJ18: 0.0089088163 | KK18: 0.0092909457 | KL18: 0.0099531386 | KM18: 0.01071304 | KN18: 0.011754101 | KO18: 0.012884375 | KP18: 0.014255523 | KQ18: 0.01589864 | KR18: 0.017684846 | KS18: 0.019547916 | KT18: 0.021163924 | KU18: 0.022705714 | KV18: 0.023855578
A19: 18 | B19: R018 | C19: PAK | D19: 207.5 | E19: 344.82759 | F19: 7.2 | G19: 55.2 | H19: 0.023681809 | I19: 0.023962292 | J19: 0.024324465 | K19: 0.024563127 | L19: 0.024599075 | M19: 0.024463572 | N19: 0.024314761 | O19: 0.024337338 | P19: 0.024345705 | Q19: 0.024337907 | R19: 0.02418527 | S19: 0.023954394 | T19: 0.023779916 | U19: 0.023691048 | V19: 0.0236831 | W19: 0.02369586 | X19: 0.023729665 | Y19: 0.023774608 | Z19: 0.02382385 | AA19: 0.023903137 | AB19: 0.023963636 | AC19: 0.024055839 | AD19: 0.024121018 | AE19: 0.024194687 | AF19: 0.024241969 | AG19: 0.024283056 | AH19: 0.024312823 | AI19: 0.024349613 | AJ19: 0.024388399 | AK19: 0.024399384 | AL19: 0.024449678 | AM19: 0.024483605 | AN19: 0.024522755 | AO19: 0.024564134 | AP19: 0.02460382 | AQ19: 0.024641238 | AR19: 0.024659152 | AS19: 0.024683735 | AT19: 0.024673397 | AU19: 0.024651063 | AV19: 0.024636041 | AW19: 0.024635902 | AX19: 0.024639375 | AY19: 0.02465251 | AZ19: 0.024679395 | BA19: 0.024729767 | BB19: 0.024786121 | BC19: 0.024869267 | BD19: 0.024956885 | BE19: 0.025046442 | BF19: 0.0251381 | BG19: 0.025208021 | BH19: 0.025296727 | BI19: 0.025358789 | BJ19: 0.025409298 | BK19: 0.025450919 | BL19: 0.025483338 | BM19: 0.025522893 | BN19: 0.025547755 | BO19: 0.025580895 | BP19: 0.025549939 | BQ19: 0.025514247 | BR19: 0.025512853 | BS19: 0.025544011 | BT19: 0.025571342 | BU19: 0.025554361 | BV19: 0.025533455 | BW19: 0.025493875 | BX19: 0.02548506 | BY19: 0.025456386 | BZ19: 0.025430413 | CA19: 0.02540756 | CB19: 0.025378567 | CC19: 0.025357847 | CD19: 0.025304048 | CE19: 0.025267217 | CF19: 0.02521722 | CG19: 0.025181332 | CH19: 0.025131025 | CI19: 0.025073115 | CJ19: 0.025028177 | CK19: 0.024971443 | CL19: 0.02491984 | CM19: 0.024862601 | CN19: 0.024811472 | CO19: 0.02475767 | CP19: 0.024701114 | CQ19: 0.024661807 | CR19: 0.024609286 | CS19: 0.024561676 | CT19: 0.024506835 | CU19: 0.024443867 | CV19: 0.02438946 | CW19: 0.024329782 | CX19: 0.024264387 | CY19: 0.024199819 | CZ19: 0.0241415 | DA19: 0.024048257 | DB19: 0.02396643 | DC19: 0.023876003 | DD19: 0.023795821 | DE19: 0.023703055 | DF19: 0.023625245 | DG19: 0.023546855 | DH19: 0.023479527 | DI19: 0.023404199 | DJ19: 0.023326563 | DK19: 0.023250205 | DL19: 0.023163748 | DM19: 0.023088077 | DN19: 0.023014049 | DO19: 0.02296901 | DP19: 0.022892944 | DQ19: 0.022847908 | DR19: 0.022791518 | DS19: 0.022739741 | DT19: 0.022694909 | DU19: 0.022636728 | DV19: 0.022619346 | DW19: 0.022566526 | DX19: 0.022549869 | DY19: 0.022521528 | DZ19: 0.022515714 | EA19: 0.022513629 | EB19: 0.022491586 | EC19: 0.022485158 | ED19: 0.022448673 | EE19: 0.022432529 | EF19: 0.022375315 | EG19: 0.022355627 | EH19: 0.022330273 | EI19: 0.022298211 | EJ19: 0.022289343 | EK19: 0.0222412 | EL19: 0.022261157 | EM19: 0.022230046 | EN19: 0.022263633 | EO19: 0.022267919 | EP19: 0.022281965 | EQ19: 0.022284209 | ER19: 0.022251305 | ES19: 0.022233407 | ET19: 0.022136703 | EU19: 0.022102477 | EV19: 0.022035033 | EW19: 0.02197085 | EX19: 0.021902105 | EY19: 0.021844648 | EZ19: 0.021830041 | FA19: 0.021775271 | FB19: 0.02172026 | FC19: 0.021617951 | FD19: 0.021576026 | FE19: 0.02152285 | FF19: 0.021437365 | FG19: 0.021357086 | FH19: 0.021235739 | FI19: 0.021157409 | FJ19: 0.021054845 | FK19: 0.020967565 | FL19: 0.020841604 | FM19: 0.020712313 | FN19: 0.020586276 | FO19: 0.020400008 | FP19: 0.020235331 | FQ19: 0.020032017 | FR19: 0.019839459 | FS19: 0.019630991 | FT19: 0.019490494 | FU19: 0.019387893 | FV19: 0.019287509 | FW19: 0.019219995 | FX19: 0.019163973 | FY19: 0.019107902 | FZ19: 0.019051332 | GA19: 0.019020355 | GB19: 0.018978785 | GC19: 0.018906799 | GD19: 0.018889064 | GE19: 0.018819866 | GF19: 0.018807191 | GG19: 0.01876734 | GH19: 0.018742145 | GI19: 0.01870342 | GJ19: 0.018672772 | GK19: 0.01866366 | GL19: 0.018639825 | GM19: 0.018639249 | GN19: 0.018623728 | GO19: 0.018613532 | GP19: 0.018608522 | GQ19: 0.018607587 | GR19: 0.01863246 | GS19: 0.018622611 | GT19: 0.018654337 | GU19: 0.01869804 | GV19: 0.018710307 | GW19: 0.018707272 | GX19: 0.018701429 | GY19: 0.018714832 | GZ19: 0.01868638 | HA19: 0.018710468 | HB19: 0.018681059 | HC19: 0.018725309 | HD19: 0.018751634 | HE19: 0.018682949 | HF19: 0.018587839 | HG19: 0.018612441 | HH19: 0.018620871 | HI19: 0.018596501 | HJ19: 0.018558921 | HK19: 0.018448444 | HL19: 0.018427146 | HM19: 0.018322656 | HN19: 0.018070426 | HO19: 0.017902407 | HP19: 0.017751342 | HQ19: 0.01763805 | HR19: 0.01757891 | HS19: 0.017513047 | HT19: 0.017417524 | HU19: 0.017340981 | HV19: 0.017265763 | HW19: 0.017199415 | HX19: 0.017149761 | HY19: 0.017096344 | HZ19: 0.017053977 | IA19: 0.017010766 | IB19: 0.016979736 | IC19: 0.016925517 | ID19: 0.016862705 | IE19: 0.016794411 | IF19: 0.016681519 | IG19: 0.016595236 | IH19: 0.016418813 | II19: 0.016339607 | IJ19: 0.016260322 | IK19: 0.016177343 | IL19: 0.016087155 | IM19: 0.015907759 | IN19: 0.015776236 | IO19: 0.01562677 | IP19: 0.015527642 | IQ19: 0.015437214 | IR19: 0.015275976 | IS19: 0.015127588 | IT19: 0.01503919 | IU19: 0.014916189 | IV19: 0.014688477 | IW19: 0.014561989 | IX19: 0.014440766 | IY19: 0.014247507 | IZ19: 0.014066783 | JA19: 0.013875273 | JB19: 0.013655608 | JC19: 0.013449889 | JD19: 0.013320473 | JE19: 0.013194186 | JF19: 0.013105541 | JG19: 0.013082412 | JH19: 0.013050342 | JI19: 0.013063541 | JJ19: 0.013042029 | JK19: 0.013025771 | JL19: 0.012942378 | JM19: 0.012841833 | JN19: 0.012657919 | JO19: 0.0124138 | JP19: 0.012192598 | JQ19: 0.012001837 | JR19: 0.011708575 | JS19: 0.011391977 | JT19: 0.0111417 | JU19: 0.010869458 | JV19: 0.010507211 | JW19: 0.010096894 | JX19: 0.0096969547 | JY19: 0.0092910498 | JZ19: 0.009006495 | KA19: 0.0087221987 | KB19: 0.0084947016 | KC19: 0.0082745078 | KD19: 0.008117513 | KE19: 0.0080128687 | KF19: 0.0079942987 | KG19: 0.0079563864 | KH19: 0.0080208345 | KI19: 0.0081641568 | KJ19: 0.0084105136 | KK19: 0.0087982043 | KL19: 0.0094486282 | KM19: 0.010199385 | KN19: 0.011293264 | KO19: 0.012466852 | KP19: 0.014061944 | KQ19: 0.015762003 | KR19: 0.017558362 | KS19: 0.019204386 | KT19: 0.020704868 | KU19: 0.021697708 | KV19: 0.022837007
A20: 19 | B20: R019 | C20: PAK | D20: 81 | F20: 9.6 | G20: 27.12 | H20: 0.0096761277 | I20: 0.0097930798 | J20: 0.0098990861 | K20: 0.009949117 | L20: 0.0099165316 | M20: 0.0098172781 | N20: 0.0096818165 | O20: 0.0096534637 | P20: 0.0096517375 | Q20: 0.0095938804 | R20: 0.0094851723 | S20: 0.0093281958 | T20: 0.0092066006 | U20: 0.0091471864 | V20: 0.0091151949 | W20: 0.0090777722 | X20: 0.0090586622 | Y20: 0.0090344962 | Z20: 0.0090102616 | AA20: 0.0090078641 | AB20: 0.00899028 | AC20: 0.0090040824 | AD20: 0.0089921642 | AE20: 0.0089975076 | AF20: 0.0089841653 | AG20: 0.0089774147 | AH20: 0.0089746099 | AI20: 0.0089635946 | AJ20: 0.0089611433 | AK20: 0.0089383389 | AL20: 0.0089336284 | AM20: 0.0089143729 | AN20: 0.0089045596 | AO20: 0.0088902517 | AP20: 0.0088742926 | AQ20: 0.0088691285 | AR20: 0.0088584568 | AS20: 0.0088463041 | AT20: 0.008813515 | AU20: 0.0087970444 | AV20: 0.0087774158 | AW20: 0.0087482531 | AX20: 0.008734036 | AY20: 0.0087161389 | AZ20: 0.0087140254 | BA20: 0.0087054746 | BB20: 0.0087112302 | BC20: 0.0087185698 | BD20: 0.0087267099 | BE20: 0.0087415301 | BF20: 0.0087558535 | BG20: 0.0087778166 | BH20: 0.0087805908 | BI20: 0.0087972096 | BJ20: 0.0088023616 | BK20: 0.0088098276 | BL20: 0.0088150392 | BM20: 0.0088217585 | BN20: 0.0088260223 | BO20: 0.0088219332 | BP20: 0.0088048604 | BQ20: 0.0087809688 | BR20: 0.008772798 | BS20: 0.008773316 | BT20: 0.0087731409 | BU20: 0.0087529479 | BV20: 0.0087293531 | BW20: 0.0087097167 | BX20: 0.0086803399 | BY20: 0.0086627042 | BZ20: 0.0086457433 | CA20: 0.0086217907 | CB20: 0.0086028152 | CC20: 0.0085747414 | CD20: 0.0085544181 | CE20: 0.0085316773 | CF20: 0.0085134126 | CG20: 0.0084939367 | CH20: 0.0084655771 | CI20: 0.0084369598 | CJ20: 0.0084109045 | CK20: 0.0083889821 | CL20: 0.0083615025 | CM20: 0.0083380109 | CN20: 0.0083033689 | CO20: 0.0082822903 | CP20: 0.0082615786 | CQ20: 0.0082340931 | CR20: 0.0082181877 | CS20: 0.008193834 | CT20: 0.0081731972 | CU20: 0.0081414057 | CV20: 0.0081146298 | CW20: 0.0080825155 | CX20: 0.0080541849 | CY20: 0.0080249563 | CZ20: 0.0079876658 | DA20: 0.0079450824 | DB20: 0.0079004694 | DC20: 0.0078656651 | DD20: 0.0078301377 | DE20: 0.0077947384 | DF20: 0.0077701434 | DG20: 0.0077291274 | DH20: 0.0076998226 | DI20: 0.0076642971 | DJ20: 0.0076353751 | DK20: 0.0075937315 | DL20: 0.0075617828 | DM20: 0.0075366127 | DN20: 0.0075016955 | DO20: 0.0074878374 | DP20: 0.0074589294 | DQ20: 0.0074417643 | DR20: 0.0074105705 | DS20: 0.00738993 | DT20: 0.0073726515 | DU20: 0.007359634 | DV20: 0.0073624498 | DW20: 0.0073278619 | DX20: 0.007328259 | DY20: 0.0073060657 | DZ20: 0.0072949092 | EA20: 0.0072836866 | EB20: 0.0072765197 | EC20: 0.0072769222 | ED20: 0.0072643552 | EE20: 0.007264824 | EF20: 0.0072429786 | EG20: 0.0072423541 | EH20: 0.0072276837 | EI20: 0.00721312 | EJ20: 0.0072107749 | EK20: 0.0071969766 | EL20: 0.0072125921 | EM20: 0.007184222 | EN20: 0.0071879887 | EO20: 0.0071813506 | EP20: 0.0071878089 | EQ20: 0.007190388 | ER20: 0.0071624048 | ES20: 0.0071625826 | ET20: 0.007140551 | EU20: 0.0071321244 | EV20: 0.0071083452 | EW20: 0.0070911158 | EX20: 0.0070690912 | EY20: 0.0070553193 | EZ20: 0.0070589435 | FA20: 0.0070185754 | FB20: 0.0070098221 | FC20: 0.0069757426 | FD20: 0.0069566354 | FE20: 0.0069276449 | FF20: 0.0068875267 | FG20: 0.0068589029 | FH20: 0.0068163784 | FI20: 0.006797508 | FJ20: 0.0067844565 | FK20: 0.0067577695 | FL20: 0.0067096397 | FM20: 0.006665607 | FN20: 0.0066223025 | FO20: 0.0065474863 | FP20: 0.0065034376 | FQ20: 0.0064215159 | FR20: 0.0063618721 | FS20: 0.0062928178 | FT20: 0.0062668468 | FU20: 0.0062457192 | FV20: 0.0062019869 | FW20: 0.0061869076 | FX20: 0.0061629768 | FY20: 0.0061429091 | FZ20: 0.0061322464 | GA20: 0.00612598 | GB20: 0.0061198438 | GC20: 0.0060982317 | GD20: 0.0061077929 | GE20: 0.0060674234 | GF20: 0.0060651298 | GG20: 0.0060333019 | GH20: 0.0060300298 | GI20: 0.006021983 | GJ20: 0.0060083877 | GK20: 0.0060066765 | GL20: 0.0060116594 | GM20: 0.0060221494 | GN20: 0.0060096779 | GO20: 0.0059895438 | GP20: 0.0059776202 | GQ20: 0.0059773796 | GR20: 0.0059946691 | GS20: 0.0059832348 | GT20: 0.0059900052 | GU20: 0.0059937502 | GV20: 0.0060093877 | GW20: 0.006020847 | GX20: 0.006033803 | GY20: 0.0060587933 | GZ20: 0.0060604485 | HA20: 0.0060832743 | HB20: 0.0060448833 | HC20: 0.0060507607 | HD20: 0.0060520354 | HE20: 0.0060510332 | HF20: 0.0060587577 | HG20: 0.006043521 | HH20: 0.0060267659 | HI20: 0.0060352356 | HJ20: 0.0060377953 | HK20: 0.0059970516 | HL20: 0.0059680788 | HM20: 0.0059163037 | HN20: 0.005888949 | HO20: 0.0058577789 | HP20: 0.0058128204 | HQ20: 0.0057730208 | HR20: 0.0057378969 | HS20: 0.0057134902 | HT20: 0.0056654987 | HU20: 0.0055941593 | HV20: 0.0055455192 | HW20: 0.0055877648 | HX20: 0.0055899876 | HY20: 0.0055725419 | HZ20: 0.0055790286 | IA20: 0.0055540968 | IB20: 0.0055054727 | IC20: 0.0054619719 | ID20: 0.0054592449 | IE20: 0.0054314763 | IF20: 0.0054006134 | IG20: 0.0053884347 | IH20: 0.0053550752 | II20: 0.0052998312 | IJ20: 0.0052424321 | IK20: 0.0051431144 | IL20: 0.0050970539 | IM20: 0.0050616925 | IN20: 0.0050152676 | IO20: 0.004999796 | IP20: 0.004959308 | IQ20: 0.0049139797 | IR20: 0.0048479921 | IS20: 0.0047898218 | IT20: 0.0047632252 | IU20: 0.0047075143 | IV20: 0.0046204685 | IW20: 0.0045945284 | IX20: 0.0045877841 | IY20: 0.0044948193 | IZ20: 0.0044253654 | JA20: 0.0043840182 | JB20: 0.0042642559 | JC20: 0.0041464893 | JD20: 0.0041224247 | JE20: 0.0041013299 | JF20: 0.0040737457 | JG20: 0.0040718562 | JH20: 0.0040949592 | JI20: 0.004136612 | JJ20: 0.0041422754 | JK20: 0.0041830764 | JL20: 0.0042694874 | JM20: 0.0042870612 | JN20: 0.0042335629 | JO20: 0.0042083084 | JP20: 0.0041826203 | JQ20: 0.0041264147 | JR20: 0.0040485603 | JS20: 0.0039535808 | JT20: 0.0038384542 | JU20: 0.0037058095 | JV20: 0.0036538611 | JW20: 0.0035692976 | JX20: 0.0034748215 | JY20: 0.0033663028 | JZ20: 0.0032591194 | KA20: 0.0031767378 | KB20: 0.0030993394 | KC20: 0.0030362905 | KD20: 0.0029850939 | KE20: 0.0029765599 | KF20: 0.0029846798 | KG20: 0.0029873204 | KH20: 0.0030075849 | KI20: 0.0030294391 | KJ20: 0.0031432527 | KK20: 0.0033410685 | KL20: 0.0035745987 | KM20: 0.0038534011 | KN20: 0.004227975 | KO20: 0.0046814549 | KP20: 0.0053988608 | KQ20: 0.0059823729 | KR20: 0.006570833 | KS20: 0.0072728185 | KT20: 0.0078809158 | KU20: 0.0084726169 | KV20: 0.0090413933
A21: 20 | B21: R020 | C21: PAK | D21: 145 | E21: 145.83333 | F21: 7.4 | G21: 62 | H21: 0.015322405 | I21: 0.015329065 | J21: 0.015443439 | K21: 0.015554734 | L21: 0.015577228 | M21: 0.015533433 | N21: 0.015462802 | O21: 0.015508179 | P21: 0.015546725 | Q21: 0.015573753 | R21: 0.015487683 | S21: 0.01533407 | T21: 0.015186738 | U21: 0.015066856 | V21: 0.014987762 | W21: 0.014889692 | X21: 0.014859399 | Y21: 0.014809283 | Z21: 0.014788497 | AA21: 0.014811697 | AB21: 0.014815998 | AC21: 0.014866946 | AD21: 0.014855437 | AE21: 0.014883789 | AF21: 0.014890519 | AG21: 0.01490379 | AH21: 0.014920353 | AI21: 0.014930225 | AJ21: 0.014964189 | AK21: 0.014948757 | AL21: 0.014967521 | AM21: 0.014955834 | AN21: 0.01497397 | AO21: 0.014981234 | AP21: 0.014982195 | AQ21: 0.014998989 | AR21: 0.014979077 | AS21: 0.014997372 | AT21: 0.014979706 | AU21: 0.014977574 | AV21: 0.014956318 | AW21: 0.014931418 | AX21: 0.01493831 | AY21: 0.014911169 | AZ21: 0.01493618 | BA21: 0.014920759 | BB21: 0.014944153 | BC21: 0.014962978 | BD21: 0.014986237 | BE21: 0.015013849 | BF21: 0.015032232 | BG21: 0.015067904 | BH21: 0.015074699 | BI21: 0.015105456 | BJ21: 0.015117505 | BK21: 0.015125831 | BL21: 0.015131446 | BM21: 0.015135413 | BN21: 0.01515349 | BO21: 0.015146759 | BP21: 0.015130715 | BQ21: 0.015093017 | BR21: 0.015078799 | BS21: 0.015074493 | BT21: 0.01506548 | BU21: 0.01505184 | BV21: 0.015005688 | BW21: 0.014978408 | BX21: 0.01494875 | BY21: 0.014937279 | BZ21: 0.014885105 | CA21: 0.014853943 | CB21: 0.014832595 | CC21: 0.014798949 | CD21: 0.014769394 | CE21: 0.0147302 | CF21: 0.014696993 | CG21: 0.014650775 | CH21: 0.014616594 | CI21: 0.01457732 | CJ21: 0.014545648 | CK21: 0.014519798 | CL21: 0.014464625 | CM21: 0.014439058 | CN21: 0.014404819 | CO21: 0.014365238 | CP21: 0.014325053 | CQ21: 0.014292525 | CR21: 0.014263743 | CS21: 0.014216496 | CT21: 0.014189327 | CU21: 0.014138295 | CV21: 0.01410509 | CW21: 0.014069956 | CX21: 0.014033328 | CY21: 0.013998903 | CZ21: 0.01393931 | DA21: 0.013898687 | DB21: 0.013833216 | DC21: 0.013790227 | DD21: 0.013732592 | DE21: 0.013679821 | DF21: 0.013644274 | DG21: 0.013592009 | DH21: 0.013572102 | DI21: 0.013499266 | DJ21: 0.013467525 | DK21: 0.013413405 | DL21: 0.013360418 | DM21: 0.013316156 | DN21: 0.013266183 | DO21: 0.013254321 | DP21: 0.013198845 | DQ21: 0.01319532 | DR21: 0.013159032 | DS21: 0.013139999 | DT21: 0.013125254 | DU21: 0.013087991 | DV21: 0.013097746 | DW21: 0.013053585 | DX21: 0.013066922 | DY21: 0.013029263 | DZ21: 0.013041514 | EA21: 0.013045601 | EB21: 0.013039619 | EC21: 0.013060792 | ED21: 0.013019203 | EE21: 0.013035913 | EF21: 0.012999191 | EG21: 0.0130159 | EH21: 0.013015756 | EI21: 0.013004317 | EJ21: 0.01301112 | EK21: 0.013001391 | EL21: 0.013034422 | EM21: 0.013006102 | EN21: 0.013032016 | EO21: 0.013028753 | EP21: 0.013040862 | EQ21: 0.013054332 | ER21: 0.013020981 | ES21: 0.013039576 | ET21: 0.012991497 | EU21: 0.01299204 | EV21: 0.01294223 | EW21: 0.012906422 | EX21: 0.012872356 | EY21: 0.012838727 | EZ21: 0.012843743 | FA21: 0.012813367 | FB21: 0.012809292 | FC21: 0.012750071 | FD21: 0.012720661 | FE21: 0.012674578 | FF21: 0.012641824 | FG21: 0.012622665 | FH21: 0.012552837 | FI21: 0.012533371 | FJ21: 0.012483362 | FK21: 0.012451717 | FL21: 0.012384138 | FM21: 0.012316431 | FN21: 0.012255851 | FO21: 0.012150748 | FP21: 0.012090253 | FQ21: 0.011954079 | FR21: 0.011871003 | FS21: 0.011763255 | FT21: 0.011682769 | FU21: 0.011629601 | FV21: 0.011568754 | FW21: 0.011553443 | FX21: 0.011515692 | FY21: 0.011511496 | FZ21: 0.011485726 | GA21: 0.01148045 | GB21: 0.011473992 | GC21: 0.011446688 | GD21: 0.011452642 | GE21: 0.011375039 | GF21: 0.011384249 | GG21: 0.011372752 | GH21: 0.011377932 | GI21: 0.011366995 | GJ21: 0.011373116 | GK21: 0.011397673 | GL21: 0.011377885 | GM21: 0.011399715 | GN21: 0.011397781 | GO21: 0.011403292 | GP21: 0.011430465 | GQ21: 0.011422599 | GR21: 0.011443455 | GS21: 0.011442169 | GT21: 0.011476396 | GU21: 0.011494709 | GV21: 0.011522309 | GW21: 0.011533182 | GX21: 0.011528874 | GY21: 0.011544854 | GZ21: 0.011569035 | HA21: 0.011633189 | HB21: 0.011659983 | HC21: 0.011713561 | HD21: 0.011771957 | HE21: 0.011762269 | HF21: 0.011794082 | HG21: 0.011743694 | HH21: 0.011732541 | HI21: 0.011656514 | HJ21: 0.011687556 | HK21: 0.011650151 | HL21: 0.011743066 | HM21: 0.011683997 | HN21: 0.011520576 | HO21: 0.01147535 | HP21: 0.011503235 | HQ21: 0.011459659 | HR21: 0.011324256 | HS21: 0.01130588 | HT21: 0.011303083 | HU21: 0.011238014 | HV21: 0.011169593 | HW21: 0.011195341 | HX21: 0.01119712 | HY21: 0.011259626 | HZ21: 0.011260545 | IA21: 0.011267677 | IB21: 0.011240108 | IC21: 0.011130956 | ID21: 0.011033826 | IE21: 0.010981689 | IF21: 0.011011112 | IG21: 0.010971804 | IH21: 0.010894305 | II21: 0.010822736 | IJ21: 0.010722853 | IK21: 0.01070312 | IL21: 0.010655796 | IM21: 0.010546948 | IN21: 0.010419508 | IO21: 0.010279906 | IP21: 0.01016943 | IQ21: 0.010029756 | IR21: 0.0099779403 | IS21: 0.0099188405 | IT21: 0.0097660387 | IU21: 0.0096588068 | IV21: 0.009629344 | IW21: 0.0095231695 | IX21: 0.0094068079 | IY21: 0.0092207048 | IZ21: 0.009040508 | JA21: 0.0089379723 | JB21: 0.0087038622 | JC21: 0.0085114826 | JD21: 0.0083775838 | JE21: 0.008247535 | JF21: 0.0082007754 | JG21: 0.0082088164 | JH21: 0.0082425177 | JI21: 0.0083054927 | JJ21: 0.0084217746 | JK21: 0.0085097755 | JL21: 0.0085936411 | JM21: 0.0086388539 | JN21: 0.0085806158 | JO21: 0.0085241485 | JP21: 0.0084497056 | JQ21: 0.0084083716 | JR21: 0.0082620615 | JS21: 0.0081658753 | JT21: 0.0079665823 | JU21: 0.0077718824 | JV21: 0.0075399812 | JW21: 0.0072708448 | JX21: 0.0069997915 | JY21: 0.0067093406 | JZ21: 0.0065390683 | KA21: 0.0063115815 | KB21: 0.0060941398 | KC21: 0.0060079023 | KD21: 0.0059208309 | KE21: 0.0058812157 | KF21: 0.0058533821 | KG21: 0.0059450396 | KH21: 0.0060021949 | KI21: 0.006135431 | KJ21: 0.0064357159 | KK21: 0.0068799191 | KL21: 0.0074281279 | KM21: 0.0081326378 | KN21: 0.009271914 | KO21: 0.010511337 | KP21: 0.012143949 | KQ21: 0.013812594 | KR21: 0.015558051 | KS21: 0.017300425 | KT21: 0.018964204 | KU21: 0.020345472 | KV21: 0.02164376
A22: 21 | B22: R021 | C22: PAK | D22: 89.65 | F22: 7.4 | G22: 48.4 | H22: 0.010951436 | I22: 0.011093401 | J22: 0.011247052 | K22: 0.011344469 | L22: 0.011289979 | M22: 0.011177744 | N22: 0.01104375 | O22: 0.011014785 | P22: 0.01102073 | Q22: 0.010972348 | R22: 0.010862909 | S22: 0.010722448 | T22: 0.010617785 | U22: 0.010554915 | V22: 0.010517896 | W22: 0.010500278 | X22: 0.010491357 | Y22: 0.010484698 | Z22: 0.010467011 | AA22: 0.010466893 | AB22: 0.010474067 | AC22: 0.010481029 | AD22: 0.010460846 | AE22: 0.010467434 | AF22: 0.010461314 | AG22: 0.010447643 | AH22: 0.01043866 | AI22: 0.010430287 | AJ22: 0.010426588 | AK22: 0.010408026 | AL22: 0.010395337 | AM22: 0.010378257 | AN22: 0.010365303 | AO22: 0.010351481 | AP22: 0.010338388 | AQ22: 0.010327349 | AR22: 0.01030125 | AS22: 0.010283602 | AT22: 0.010252459 | AU22: 0.010227481 | AV22: 0.010202915 | AW22: 0.010168097 | AX22: 0.010142369 | AY22: 0.010125364 | AZ22: 0.010116462 | BA22: 0.010091775 | BB22: 0.010098469 | BC22: 0.010100569 | BD22: 0.010108512 | BE22: 0.010121287 | BF22: 0.010124662 | BG22: 0.010135574 | BH22: 0.01014615 | BI22: 0.010148607 | BJ22: 0.010150675 | BK22: 0.010148039 | BL22: 0.010149164 | BM22: 0.010150826 | BN22: 0.010154001 | BO22: 0.010140791 | BP22: 0.010113669 | BQ22: 0.010087688 | BR22: 0.010067929 | BS22: 0.01005678 | BT22: 0.010039932 | BU22: 0.010020578 | BV22: 0.0099798234 | BW22: 0.0099527464 | BX22: 0.0099308847 | BY22: 0.0099077777 | BZ22: 0.0098892573 | CA22: 0.0098585511 | CB22: 0.0098302346 | CC22: 0.0098136136 | CD22: 0.0097841042 | CE22: 0.0097481454 | CF22: 0.0097206154 | CG22: 0.0096990909 | CH22: 0.0096667537 | CI22: 0.009628247 | CJ22: 0.0095983398 | CK22: 0.0095681839 | CL22: 0.0095324752 | CM22: 0.0095002883 | CN22: 0.0094671328 | CO22: 0.0094361972 | CP22: 0.0094119812 | CQ22: 0.0093791934 | CR22: 0.0093489766 | CS22: 0.0093154154 | CT22: 0.0092912463 | CU22: 0.0092542727 | CV22: 0.0092194343 | CW22: 0.0091853314 | CX22: 0.00914432 | CY22: 0.0091115596 | CZ22: 0.0090750076 | DA22: 0.009033842 | DB22: 0.0089901889 | DC22: 0.0089477883 | DD22: 0.0089014151 | DE22: 0.0088602031 | DF22: 0.0088233476 | DG22: 0.0087782598 | DH22: 0.0087504755 | DI22: 0.0086928246 | DJ22: 0.0086642389 | DK22: 0.008622904 | DL22: 0.0085895016 | DM22: 0.0085584735 | DN22: 0.0085222975 | DO22: 0.0085008973 | DP22: 0.0084574909 | DQ22: 0.0084346815 | DR22: 0.0083913479 | DS22: 0.0083727467 | DT22: 0.00835845 | DU22: 0.0083328402 | DV22: 0.008329852 | DW22: 0.0083060407 | DX22: 0.0083051048 | DY22: 0.0082828425 | DZ22: 0.0082828148 | EA22: 0.0082761206 | EB22: 0.0082699354 | EC22: 0.0082707348 | ED22: 0.0082474993 | EE22: 0.0082388077 | EF22: 0.0082135507 | EG22: 0.0082056694 | EH22: 0.0081873313 | EI22: 0.0081870319 | EJ22: 0.0081884582 | EK22: 0.0081640997 | EL22: 0.0081680592 | EM22: 0.0081539984 | EN22: 0.0081522987 | EO22: 0.0081336982 | EP22: 0.0081347793 | EQ22: 0.0081369348 | ER22: 0.0081110296 | ES22: 0.0081096066 | ET22: 0.0080795985 | EU22: 0.0080709978 | EV22: 0.0080330105 | EW22: 0.0080123002 | EX22: 0.0079930826 | EY22: 0.0079732101 | EZ22: 0.0079707428 | FA22: 0.0079331432 | FB22: 0.0079242123 | FC22: 0.0078951162 | FD22: 0.0078726257 | FE22: 0.007844855 | FF22: 0.0078195049 | FG22: 0.0077860533 | FH22: 0.0077614212 | FI22: 0.0077479898 | FJ22: 0.0077055077 | FK22: 0.0076695661 | FL22: 0.0076263439 | FM22: 0.0075883203 | FN22: 0.0075433877 | FO22: 0.0074709711 | FP22: 0.0074241229 | FQ22: 0.0073299499 | FR22: 0.0072717469 | FS22: 0.0072097039 | FT22: 0.0071657196 | FU22: 0.0071334378 | FV22: 0.0070918345 | FW22: 0.0070733009 | FX22: 0.0070292281 | FY22: 0.0070163789 | FZ22: 0.0069917069 | GA22: 0.0069788987 | GB22: 0.0069631038 | GC22: 0.0069505355 | GD22: 0.0069600283 | GE22: 0.0069221537 | GF22: 0.0069231018 | GG22: 0.0069181169 | GH22: 0.0069111474 | GI22: 0.0068914479 | GJ22: 0.0068784444 | GK22: 0.0068817157 | GL22: 0.0068858695 | GM22: 0.0068920092 | GN22: 0.0068822379 | GO22: 0.0068739158 | GP22: 0.0068740159 | GQ22: 0.0068621715 | GR22: 0.0068723075 | GS22: 0.0068751475 | GT22: 0.0068892886 | GU22: 0.0069134939 | GV22: 0.0069206249 | GW22: 0.0069108254 | GX22: 0.0069066984 | GY22: 0.0069139532 | GZ22: 0.0069119872 | HA22: 0.0069385297 | HB22: 0.0069529857 | HC22: 0.0069607322 | HD22: 0.0069266358 | HE22: 0.0069197956 | HF22: 0.0069131611 | HG22: 0.0069290751 | HH22: 0.0069293199 | HI22: 0.0068924214 | HJ22: 0.0069032104 | HK22: 0.0069035028 | HL22: 0.0068584029 | HM22: 0.0067824642 | HN22: 0.0067164942 | HO22: 0.0066673093 | HP22: 0.0065646993 | HQ22: 0.006530592 | HR22: 0.0065059394 | HS22: 0.0064741107 | HT22: 0.0064122297 | HU22: 0.0063843662 | HV22: 0.0063664464 | HW22: 0.0063075618 | HX22: 0.0062807838 | HY22: 0.0063210566 | HZ22: 0.006318647 | IA22: 0.0062971716 | IB22: 0.006256551 | IC22: 0.006221276 | ID22: 0.0061670956 | IE22: 0.0061272431 | IF22: 0.0060834631 | IG22: 0.0060612144 | IH22: 0.0060096277 | II22: 0.0059985382 | IJ22: 0.0059962237 | IK22: 0.0059063813 | IL22: 0.0058526438 | IM22: 0.0057650394 | IN22: 0.0056857931 | IO22: 0.0055935098 | IP22: 0.0055667673 | IQ22: 0.0055324951 | IR22: 0.0055329339 | IS22: 0.0054951435 | IT22: 0.0054429867 | IU22: 0.0053798184 | IV22: 0.0052942026 | IW22: 0.0052332741 | IX22: 0.0051592047 | IY22: 0.0050516972 | IZ22: 0.0049602628 | JA22: 0.0049347532 | JB22: 0.0048059132 | JC22: 0.0047309545 | JD22: 0.0046817118 | JE22: 0.0046484118 | JF22: 0.0046174642 | JG22: 0.0046090429 | JH22: 0.0046082353 | JI22: 0.0046412942 | JJ22: 0.0046254075 | JK22: 0.0046422926 | JL22: 0.0046645016 | JM22: 0.0046617006 | JN22: 0.0045840197 | JO22: 0.0045877168 | JP22: 0.004566511 | JQ22: 0.0045691428 | JR22: 0.0044795732 | JS22: 0.0043788199 | JT22: 0.0042602256 | JU22: 0.004111997 | JV22: 0.003979111 | JW22: 0.003852017 | JX22: 0.0037747258 | JY22: 0.0036660805 | JZ22: 0.0035739784 | KA22: 0.0034741186 | KB22: 0.0033898566 | KC22: 0.0033380122 | KD22: 0.0033051466 | KE22: 0.0032496513 | KF22: 0.0032527619 | KG22: 0.0032647053 | KH22: 0.0032974612 | KI22: 0.0033664106 | KJ22: 0.0034553952 | KK22: 0.0036076797 | KL22: 0.0038938229 | KM22: 0.0041724046 | KN22: 0.0046540418 | KO22: 0.0050766439 | KP22: 0.0056543308 | KQ22: 0.0062275655 | KR22: 0.0068152382 | KS22: 0.0074329024 | KT22: 0.0079732303 | KU22: 0.0085710771 | KV22: 0.0091175872
A23: 22 | B23: R022 | C23: PAK | D23: 96.75 | E23: 183.67347 | F23: 8.5 | G23: 42 | H23: 0.012174281 | I23: 0.012392232 | J23: 0.012606857 | K23: 0.012745545 | L23: 0.01273023 | M23: 0.012603848 | N23: 0.012487179 | O23: 0.01245447 | P23: 0.012415932 | Q23: 0.012393447 | R23: 0.012311228 | S23: 0.012150044 | T23: 0.012026596 | U23: 0.01196648 | V23: 0.011940015 | W23: 0.011913446 | X23: 0.011910356 | Y23: 0.011908835 | Z23: 0.01191214 | AA23: 0.011925076 | AB23: 0.011926889 | AC23: 0.011942966 | AD23: 0.011940063 | AE23: 0.011948605 | AF23: 0.011947793 | AG23: 0.011942378 | AH23: 0.01194216 | AI23: 0.011944602 | AJ23: 0.011946145 | AK23: 0.011937859 | AL23: 0.011927223 | AM23: 0.011906102 | AN23: 0.011892749 | AO23: 0.011883395 | AP23: 0.011873812 | AQ23: 0.011862072 | AR23: 0.011847842 | AS23: 0.011828213 | AT23: 0.011787967 | AU23: 0.011770264 | AV23: 0.011749733 | AW23: 0.011722872 | AX23: 0.011699663 | AY23: 0.011670556 | AZ23: 0.011659372 | BA23: 0.011654221 | BB23: 0.011662143 | BC23: 0.01166345 | BD23: 0.01167494 | BE23: 0.011685691 | BF23: 0.011701046 | BG23: 0.011713885 | BH23: 0.011718319 | BI23: 0.011728329 | BJ23: 0.011741432 | BK23: 0.011743893 | BL23: 0.011742163 | BM23: 0.011750186 | BN23: 0.011746998 | BO23: 0.01174044 | BP23: 0.011715059 | BQ23: 0.011691612 | BR23: 0.011675866 | BS23: 0.011667458 | BT23: 0.0116541 | BU23: 0.011628983 | BV23: 0.011606091 | BW23: 0.011571919 | BX23: 0.011548768 | BY23: 0.011521202 | BZ23: 0.011494316 | CA23: 0.01146455 | CB23: 0.011431212 | CC23: 0.011407824 | CD23: 0.011374999 | CE23: 0.011345759 | CF23: 0.011316741 | CG23: 0.011291746 | CH23: 0.011262168 | CI23: 0.011226273 | CJ23: 0.011200719 | CK23: 0.011164223 | CL23: 0.011134792 | CM23: 0.011098027 | CN23: 0.011069435 | CO23: 0.01103321 | CP23: 0.011000925 | CQ23: 0.010967754 | CR23: 0.010931496 | CS23: 0.010896497 | CT23: 0.01086756 | CU23: 0.010833213 | CV23: 0.0107995 | CW23: 0.010764948 | CX23: 0.010726664 | CY23: 0.010683254 | CZ23: 0.010643222 | DA23: 0.010587861 | DB23: 0.010550621 | DC23: 0.01051286 | DD23: 0.01046747 | DE23: 0.010427186 | DF23: 0.010387878 | DG23: 0.01034039 | DH23: 0.010307592 | DI23: 0.010267873 | DJ23: 0.010235964 | DK23: 0.010185237 | DL23: 0.010134201 | DM23: 0.010094129 | DN23: 0.010056249 | DO23: 0.010033199 | DP23: 0.0099940054 | DQ23: 0.0099780974 | DR23: 0.0099485363 | DS23: 0.0099235619 | DT23: 0.009904449 | DU23: 0.0098789652 | DV23: 0.0098730476 | DW23: 0.009850024 | DX23: 0.0098409731 | DY23: 0.0098058194 | DZ23: 0.0098009983 | EA23: 0.0097971956 | EB23: 0.0097732112 | EC23: 0.0097653387 | ED23: 0.0097430953 | EE23: 0.009732042 | EF23: 0.0097021343 | EG23: 0.0096961039 | EH23: 0.0096822224 | EI23: 0.0096742148 | EJ23: 0.0096746853 | EK23: 0.0096447792 | EL23: 0.009654393 | EM23: 0.0096368393 | EN23: 0.0096396448 | EO23: 0.009629203 | EP23: 0.0096335108 | EQ23: 0.0096369258 | ER23: 0.0096216751 | ES23: 0.0096231924 | ET23: 0.0095927253 | EU23: 0.0095715704 | EV23: 0.0095339602 | EW23: 0.0095088324 | EX23: 0.0094824156 | EY23: 0.0094570718 | EZ23: 0.0094520541 | FA23: 0.0094249229 | FB23: 0.009413967 | FC23: 0.0093670216 | FD23: 0.0093467892 | FE23: 0.0093140321 | FF23: 0.0092876087 | FG23: 0.0092572094 | FH23: 0.0091927189 | FI23: 0.0091667504 | FJ23: 0.0091166456 | FK23: 0.0090822811 | FL23: 0.0090347714 | FM23: 0.0089737136 | FN23: 0.0089125176 | FO23: 0.0088305371 | FP23: 0.0087791621 | FQ23: 0.0086970966 | FR23: 0.0086216992 | FS23: 0.008532904 | FT23: 0.0084669878 | FU23: 0.0084160271 | FV23: 0.0083659865 | FW23: 0.0083488198 | FX23: 0.0083158928 | FY23: 0.0082944144 | FZ23: 0.0082747503 | GA23: 0.0082542012 | GB23: 0.0082295917 | GC23: 0.0082130418 | GD23: 0.0082216848 | GE23: 0.0081739577 | GF23: 0.0081703825 | GG23: 0.0081595409 | GH23: 0.0081600651 | GI23: 0.0081516831 | GJ23: 0.0081475091 | GK23: 0.0081518195 | GL23: 0.0081267876 | GM23: 0.0081391931 | GN23: 0.0081403603 | GO23: 0.008129759 | GP23: 0.0081270255 | GQ23: 0.0081300601 | GR23: 0.0081494551 | GS23: 0.0081330212 | GT23: 0.0081504273 | GU23: 0.0081473493 | GV23: 0.0081469749 | GW23: 0.0081342833 | GX23: 0.0081435416 | GY23: 0.0081698625 | GZ23: 0.00817327 | HA23: 0.0081909029 | HB23: 0.0081796214 | HC23: 0.0081816018 | HD23: 0.0081762484 | HE23: 0.0081539485 | HF23: 0.0081428545 | HG23: 0.0081388257 | HH23: 0.0081263597 | HI23: 0.0080880449 | HJ23: 0.0080716384 | HK23: 0.0080466975 | HL23: 0.0080133444 | HM23: 0.0079473 | HN23: 0.0078798883 | HO23: 0.007814878 | HP23: 0.0077375322 | HQ23: 0.0076617371 | HR23: 0.0075695661 | HS23: 0.0075550135 | HT23: 0.0075184176 | HU23: 0.0074642487 | HV23: 0.0074329497 | HW23: 0.0074059775 | HX23: 0.0073955163 | HY23: 0.0073414735 | HZ23: 0.0073329274 | IA23: 0.0073082201 | IB23: 0.0072590709 | IC23: 0.0072021359 | ID23: 0.0072247157 | IE23: 0.0071855251 | IF23: 0.007153092 | IG23: 0.007128513 | IH23: 0.0070602604 | II23: 0.0070211296 | IJ23: 0.0069651068 | IK23: 0.00685027 | IL23: 0.0067824601 | IM23: 0.0067538769 | IN23: 0.0066897807 | IO23: 0.0066293171 | IP23: 0.0065869978 | IQ23: 0.0065502323 | IR23: 0.0064810092 | IS23: 0.0064184548 | IT23: 0.0063889572 | IU23: 0.006332687 | IV23: 0.0062828765 | IW23: 0.006223157 | IX23: 0.0061581443 | IY23: 0.0060385606 | IZ23: 0.0059544932 | JA23: 0.0058920244 | JB23: 0.0057791352 | JC23: 0.0056815885 | JD23: 0.0056436998 | JE23: 0.0056151872 | JF23: 0.0055914566 | JG23: 0.0055942282 | JH23: 0.0055926621 | JI23: 0.0056223159 | JJ23: 0.0056405083 | JK23: 0.0056347941 | JL23: 0.0056393417 | JM23: 0.0055838536 | JN23: 0.005445771 | JO23: 0.0053515162 | JP23: 0.0052692044 | JQ23: 0.0051436966 | JR23: 0.0050291241 | JS23: 0.0049500635 | JT23: 0.004827901 | JU23: 0.004706246 | JV23: 0.0045211211 | JW23: 0.0043462793 | JX23: 0.0042158002 | JY23: 0.0040658214 | JZ23: 0.00395941 | KA23: 0.0038483838 | KB23: 0.0037497877 | KC23: 0.0036781619 | KD23: 0.0036204503 | KE23: 0.0035431223 | KF23: 0.0035445143 | KG23: 0.0035482157 | KH23: 0.0035943018 | KI23: 0.003703713 | KJ23: 0.0038157936 | KK23: 0.0040087007 | KL23: 0.0042657591 | KM23: 0.0045777162 | KN23: 0.0050618769 | KO23: 0.0055069705 | KP23: 0.0060314069 | KQ23: 0.0066782293 | KR23: 0.007356246 | KS23: 0.0079308464 | KT23: 0.008475891 | KU23: 0.0089160118 | KV23: 0.0093832062
A24: 23 | B24: R023 | C24: PAK | D24: 204.5 | F24: 10 | G24: 80 | H24: 0.014755801 | I24: 0.014722682 | J24: 0.014877039 | K24: 0.015049011 | L24: 0.015096458 | M24: 0.015057081 | N24: 0.014977929 | O24: 0.015056128 | P24: 0.015133907 | Q24: 0.015224069 | R24: 0.015219577 | S24: 0.01507407 | T24: 0.014943716 | U24: 0.014848519 | V24: 0.014845151 | W24: 0.01484272 | X24: 0.014881321 | Y24: 0.014925798 | Z24: 0.014981647 | AA24: 0.015060788 | AB24: 0.015113903 | AC24: 0.015214992 | AD24: 0.015254185 | AE24: 0.015353265 | AF24: 0.01540822 | AG24: 0.015463881 | AH24: 0.015529466 | AI24: 0.015577547 | AJ24: 0.015642755 | AK24: 0.015675841 | AL24: 0.015735052 | AM24: 0.01576129 | AN24: 0.015799682 | AO24: 0.015824988 | AP24: 0.015849414 | AQ24: 0.015889795 | AR24: 0.015876747 | AS24: 0.015907537 | AT24: 0.015888367 | AU24: 0.015889371 | AV24: 0.015884675 | AW24: 0.015875802 | AX24: 0.015875372 | AY24: 0.015849986 | AZ24: 0.015866278 | BA24: 0.015863572 | BB24: 0.015897328 | BC24: 0.015921077 | BD24: 0.015959944 | BE24: 0.016002403 | BF24: 0.016035498 | BG24: 0.016091976 | BH24: 0.016121838 | BI24: 0.016157624 | BJ24: 0.016175662 | BK24: 0.016192247 | BL24: 0.01621371 | BM24: 0.016231135 | BN24: 0.016252627 | BO24: 0.016230005 | BP24: 0.016219244 | BQ24: 0.016183612 | BR24: 0.016166228 | BS24: 0.016157054 | BT24: 0.016148745 | BU24: 0.016135135 | BV24: 0.016097162 | BW24: 0.016088826 | BX24: 0.01606673 | BY24: 0.016057922 | BZ24: 0.016041247 | CA24: 0.016021132 | CB24: 0.016007563 | CC24: 0.015985316 | CD24: 0.01595238 | CE24: 0.015919552 | CF24: 0.015902591 | CG24: 0.015879155 | CH24: 0.015857939 | CI24: 0.015836023 | CJ24: 0.015805876 | CK24: 0.015785248 | CL24: 0.015755071 | CM24: 0.015731312 | CN24: 0.015690683 | CO24: 0.015663583 | CP24: 0.015638815 | CQ24: 0.015594169 | CR24: 0.015565083 | CS24: 0.015522322 | CT24: 0.01549216 | CU24: 0.015436904 | CV24: 0.015394793 | CW24: 0.015348893 | CX24: 0.015299387 | CY24: 0.015256007 | CZ24: 0.015192864 | DA24: 0.015148835 | DB24: 0.015077483 | DC24: 0.015022137 | DD24: 0.014958438 | DE24: 0.014900542 | DF24: 0.014849781 | DG24: 0.014768137 | DH24: 0.014738724 | DI24: 0.014655632 | DJ24: 0.014616916 | DK24: 0.014553052 | DL24: 0.014488529 | DM24: 0.014438404 | DN24: 0.014377043 | DO24: 0.014352196 | DP24: 0.014266624 | DQ24: 0.014240208 | DR24: 0.014189182 | DS24: 0.014157269 | DT24: 0.014127971 | DU24: 0.014077858 | DV24: 0.014063919 | DW24: 0.014016333 | DX24: 0.014009772 | DY24: 0.0139639 | DZ24: 0.013948378 | EA24: 0.013922941 | EB24: 0.013892555 | EC24: 0.013881424 | ED24: 0.013842534 | EE24: 0.013851062 | EF24: 0.013805457 | EG24: 0.013801752 | EH24: 0.013779776 | EI24: 0.01376346 | EJ24: 0.013764346 | EK24: 0.013736463 | EL24: 0.013768627 | EM24: 0.013744746 | EN24: 0.013764447 | EO24: 0.013752351 | EP24: 0.013763415 | EQ24: 0.013780997 | ER24: 0.013772979 | ES24: 0.013798821 | ET24: 0.013765146 | EU24: 0.013785831 | EV24: 0.013763147 | EW24: 0.013741116 | EX24: 0.013726276 | EY24: 0.013713004 | EZ24: 0.013735465 | FA24: 0.013708745 | FB24: 0.013722831 | FC24: 0.013684566 | FD24: 0.013668588 | FE24: 0.013636989 | FF24: 0.013599653 | FG24: 0.013568293 | FH24: 0.013488267 | FI24: 0.013468319 | FJ24: 0.013400141 | FK24: 0.013363695 | FL24: 0.013302664 | FM24: 0.013229779 | FN24: 0.013161853 | FO24: 0.013070338 | FP24: 0.012994375 | FQ24: 0.012853261 | FR24: 0.01277693 | FS24: 0.012699933 | FT24: 0.012604099 | FU24: 0.01254003 | FV24: 0.012475299 | FW24: 0.012462568 | FX24: 0.012400436 | FY24: 0.012398658 | FZ24: 0.012376611 | GA24: 0.012360149 | GB24: 0.012342976 | GC24: 0.012332586 | GD24: 0.012353427 | GE24: 0.012326701 | GF24: 0.012339402 | GG24: 0.012314682 | GH24: 0.012325405 | GI24: 0.01233691 | GJ24: 0.012316645 | GK24: 0.012318565 | GL24: 0.012290922 | GM24: 0.012301334 | GN24: 0.01229792 | GO24: 0.012317743 | GP24: 0.012329504 | GQ24: 0.012346144 | GR24: 0.012384875 | GS24: 0.012397651 | GT24: 0.012440178 | GU24: 0.012465844 | GV24: 0.012493969 | GW24: 0.012530027 | GX24: 0.012552328 | GY24: 0.012580022 | GZ24: 0.012530274 | HA24: 0.01255568 | HB24: 0.012596222 | HC24: 0.012628612 | HD24: 0.012636579 | HE24: 0.012646085 | HF24: 0.012684107 | HG24: 0.012697437 | HH24: 0.012717793 | HI24: 0.012687402 | HJ24: 0.01270959 | HK24: 0.012637422 | HL24: 0.012614452 | HM24: 0.012558544 | HN24: 0.012420275 | HO24: 0.012344014 | HP24: 0.012300293 | HQ24: 0.012254769 | HR24: 0.012208562 | HS24: 0.012188458 | HT24: 0.012141904 | HU24: 0.012113715 | HV24: 0.012088131 | HW24: 0.012025093 | HX24: 0.011998705 | HY24: 0.012050745 | HZ24: 0.012027796 | IA24: 0.011951763 | IB24: 0.01190909 | IC24: 0.011864874 | ID24: 0.011782952 | IE24: 0.011717297 | IF24: 0.011773413 | IG24: 0.011710811 | IH24: 0.011572656 | II24: 0.011493676 | IJ24: 0.011405801 | IK24: 0.011279942 | IL24: 0.011170998 | IM24: 0.011096113 | IN24: 0.010964592 | IO24: 0.0108265 | IP24: 0.010708191 | IQ24: 0.010580995 | IR24: 0.010508861 | IS24: 0.010408912 | IT24: 0.010343761 | IU24: 0.010213826 | IV24: 0.01009933 | IW24: 0.0099694487 | IX24: 0.0098155025 | IY24: 0.0096392258 | IZ24: 0.0094524653 | JA24: 0.0093113325 | JB24: 0.0090595077 | JC24: 0.0088420705 | JD24: 0.008727259 | JE24: 0.0086582509 | JF24: 0.0086116241 | JG24: 0.008637912 | JH24: 0.0086885103 | JI24: 0.0088171706 | JJ24: 0.0089583544 | JK24: 0.0090505974 | JL24: 0.0091526402 | JM24: 0.0092059341 | JN24: 0.0091596482 | JO24: 0.0091379956 | JP24: 0.0090908333 | JQ24: 0.0089570613 | JR24: 0.008811904 | JS24: 0.0086744151 | JT24: 0.0085248637 | JU24: 0.008403291 | JV24: 0.0082034565 | JW24: 0.0079800254 | JX24: 0.0076677614 | JY24: 0.0073870922 | JZ24: 0.0071386904 | KA24: 0.0069467605 | KB24: 0.0068305903 | KC24: 0.0067064503 | KD24: 0.006616769 | KE24: 0.0065409 | KF24: 0.0065182144 | KG24: 0.0065287266 | KH24: 0.0066312542 | KI24: 0.0068687281 | KJ24: 0.0071427003 | KK24: 0.0075477839 | KL24: 0.0081989295 | KM24: 0.0089399006 | KN24: 0.0099586681 | KO24: 0.011177019 | KP24: 0.012772454 | KQ24: 0.014330354 | KR24: 0.015889212 | KS24: 0.01758884 | KT24: 0.019148561 | KU24: 0.020602477 | KV24: 0.021941506
A25: 24 | B25: R024 | C25: PAK | D25: 166.5 | E25: 120.68966 | F25: 11 | G25: 62 | H25: 0.012159352 | I25: 0.012020073 | J25: 0.012100151 | K25: 0.012223593 | L25: 0.012291356 | M25: 0.012261934 | N25: 0.012200588 | O25: 0.01222922 | P25: 0.01226268 | Q25: 0.012334929 | R25: 0.012309845 | S25: 0.012095181 | T25: 0.011897718 | U25: 0.011749678 | V25: 0.01165393 | W25: 0.01156884 | X25: 0.01151134 | Y25: 0.01144842 | Z25: 0.011413723 | AA25: 0.011418807 | AB25: 0.01140299 | AC25: 0.011444484 | AD25: 0.011440368 | AE25: 0.011479278 | AF25: 0.011497115 | AG25: 0.011513783 | AH25: 0.011533292 | AI25: 0.011542038 | AJ25: 0.011586809 | AK25: 0.011589476 | AL25: 0.011628267 | AM25: 0.011639504 | AN25: 0.011668468 | AO25: 0.011692018 | AP25: 0.01169867 | AQ25: 0.011726464 | AR25: 0.011726375 | AS25: 0.011762602 | AT25: 0.011743535 | AU25: 0.011756359 | AV25: 0.011752533 | AW25: 0.011753619 | AX25: 0.011769391 | AY25: 0.011754649 | AZ25: 0.011790757 | BA25: 0.01179933 | BB25: 0.011843495 | BC25: 0.011877137 | BD25: 0.011913977 | BE25: 0.011966631 | BF25: 0.012019512 | BG25: 0.012090526 | BH25: 0.012113644 | BI25: 0.012170527 | BJ25: 0.012194186 | BK25: 0.012226862 | BL25: 0.012263959 | BM25: 0.012283595 | BN25: 0.01232642 | BO25: 0.012339585 | BP25: 0.012357119 | BQ25: 0.012345649 | BR25: 0.012349378 | BS25: 0.01235896 | BT25: 0.012364891 | BU25: 0.012371151 | BV25: 0.012350389 | BW25: 0.012362967 | BX25: 0.012334611 | BY25: 0.012333525 | BZ25: 0.012315772 | CA25: 0.01229353 | CB25: 0.012286206 | CC25: 0.012259741 | CD25: 0.012252306 | CE25: 0.012225179 | CF25: 0.012222488 | CG25: 0.012209763 | CH25: 0.012189899 | CI25: 0.012172308 | CJ25: 0.012133897 | CK25: 0.012113604 | CL25: 0.012073621 | CM25: 0.012061928 | CN25: 0.012019985 | CO25: 0.011998593 | CP25: 0.011976434 | CQ25: 0.011941721 | CR25: 0.011923742 | CS25: 0.011874537 | CT25: 0.011864736 | CU25: 0.011829264 | CV25: 0.011804363 | CW25: 0.01177284 | CX25: 0.011727885 | CY25: 0.011696697 | CZ25: 0.011648421 | DA25: 0.011619665 | DB25: 0.011573983 | DC25: 0.011537693 | DD25: 0.011488877 | DE25: 0.01143898 | DF25: 0.01140656 | DG25: 0.011356885 | DH25: 0.011344284 | DI25: 0.011279111 | DJ25: 0.011261083 | DK25: 0.011215414 | DL25: 0.011176684 | DM25: 0.011153668 | DN25: 0.011107963 | DO25: 0.011105875 | DP25: 0.011055294 | DQ25: 0.01104824 | DR25: 0.011012082 | DS25: 0.010997162 | DT25: 0.010986723 | DU25: 0.010945964 | DV25: 0.010945415 | DW25: 0.010922052 | DX25: 0.010929736 | DY25: 0.01089162 | DZ25: 0.010891511 | EA25: 0.010885837 | EB25: 0.01087868 | EC25: 0.010896189 | ED25: 0.010858284 | EE25: 0.010876207 | EF25: 0.010849081 | EG25: 0.010855863 | EH25: 0.010843421 | EI25: 0.010837596 | EJ25: 0.010850734 | EK25: 0.01083085 | EL25: 0.010867846 | EM25: 0.010840894 | EN25: 0.010868639 | EO25: 0.010870899 | EP25: 0.010892678 | EQ25: 0.010918093 | ER25: 0.010922327 | ES25: 0.010950754 | ET25: 0.010902094 | EU25: 0.010909507 | EV25: 0.010892291 | EW25: 0.010881368 | EX25: 0.010868016 | EY25: 0.010866512 | EZ25: 0.010888252 | FA25: 0.010851115 | FB25: 0.010852263 | FC25: 0.010816742 | FD25: 0.01080542 | FE25: 0.010781186 | FF25: 0.010753119 | FG25: 0.010727106 | FH25: 0.010636611 | FI25: 0.010628786 | FJ25: 0.010611901 | FK25: 0.010590434 | FL25: 0.010537015 | FM25: 0.010483283 | FN25: 0.010437449 | FO25: 0.010355166 | FP25: 0.010304154 | FQ25: 0.01018439 | FR25: 0.010117811 | FS25: 0.010022229 | FT25: 0.0099773552 | FU25: 0.0099565379 | FV25: 0.0099023903 | FW25: 0.0098920724 | FX25: 0.0098396175 | FY25: 0.009837748 | FZ25: 0.0098059964 | GA25: 0.0098037314 | GB25: 0.0098051311 | GC25: 0.0097883401 | GD25: 0.0098070782 | GE25: 0.0097561765 | GF25: 0.0097767049 | GG25: 0.0097587898 | GH25: 0.0097676585 | GI25: 0.0097714554 | GJ25: 0.0097708454 | GK25: 0.0097840275 | GL25: 0.0098136936 | GM25: 0.0098482582 | GN25: 0.0098522274 | GO25: 0.0098560523 | GP25: 0.0098737653 | GQ25: 0.0098777792 | GR25: 0.0099138064 | GS25: 0.0099115184 | GT25: 0.0099465567 | GU25: 0.0099587278 | GV25: 0.0099836034 | GW25: 0.0099831335 | GX25: 0.010023098 | GY25: 0.010071194 | GZ25: 0.010086086 | HA25: 0.010131233 | HB25: 0.010135189 | HC25: 0.010177871 | HD25: 0.010232722 | HE25: 0.010217044 | HF25: 0.010208 | HG25: 0.010261545 | HH25: 0.010288679 | HI25: 0.01031779 | HJ25: 0.010328896 | HK25: 0.010261765 | HL25: 0.0102627 | HM25: 0.010238649 | HN25: 0.010154447 | HO25: 0.010084551 | HP25: 0.010084304 | HQ25: 0.010055043 | HR25: 0.010049698 | HS25: 0.010039466 | HT25: 0.0099920802 | HU25: 0.010022977 | HV25: 0.010051332 | HW25: 0.010024408 | HX25: 0.010022285 | HY25: 0.009984349 | HZ25: 0.0099720469 | IA25: 0.0099499416 | IB25: 0.0099425343 | IC25: 0.0099237119 | ID25: 0.0098523943 | IE25: 0.0097747694 | IF25: 0.009712687 | IG25: 0.0096827914 | IH25: 0.0096009959 | II25: 0.0095504683 | IJ25: 0.0095004637 | IK25: 0.0094264164 | IL25: 0.0093400795 | IM25: 0.0091688523 | IN25: 0.0090543326 | IO25: 0.0089627813 | IP25: 0.0088627577 | IQ25: 0.0087444531 | IR25: 0.0086810672 | IS25: 0.0085891766 | IT25: 0.0084568638 | IU25: 0.0083669703 | IV25: 0.0082666217 | IW25: 0.008132774 | IX25: 0.0079626417 | IY25: 0.0077775827 | IZ25: 0.007606637 | JA25: 0.0074703845 | JB25: 0.0072337929 | JC25: 0.0070736675 | JD25: 0.0069281967 | JE25: 0.0067830922 | JF25: 0.006729651 | JG25: 0.0067481142 | JH25: 0.0068396476 | JI25: 0.0069667615 | JJ25: 0.0070869255 | JK25: 0.00725144 | JL25: 0.00742061 | JM25: 0.0075897693 | JN25: 0.0076823466 | JO25: 0.0076558696 | JP25: 0.0076241659 | JQ25: 0.0075924304 | JR25: 0.0075182181 | JS25: 0.0074673104 | JT25: 0.0073080923 | JU25: 0.0071202827 | JV25: 0.0069753895 | JW25: 0.006794007 | JX25: 0.0066470013 | JY25: 0.0064147112 | JZ25: 0.0062645175 | KA25: 0.0060573746 | KB25: 0.0058903458 | KC25: 0.0057429534 | KD25: 0.0056278643 | KE25: 0.0055102383 | KF25: 0.0054843335 | KG25: 0.0055629585 | KH25: 0.0056637333 | KI25: 0.005899765 | KJ25: 0.0061959608 | KK25: 0.0066650978 | KL25: 0.0073703056 | KM25: 0.0081621612 | KN25: 0.0093374774 | KO25: 0.01055716 | KP25: 0.011933404 | KQ25: 0.013533204 | KR25: 0.015148638 | KS25: 0.01673949 | KT25: 0.01820188 | KU25: 0.019640095 | KV25: 0.020789448
A26: 25 | B26: R025 | C26: PAK | D26: 254 | F26: 16 | G26: 117 | H26: 0.0178656 | I26: 0.017910695 | J26: 0.018184898 | K26: 0.018444614 | L26: 0.018532552 | M26: 0.018496515 | N26: 0.018326864 | O26: 0.018400991 | P26: 0.018564872 | Q26: 0.018623424 | R26: 0.018554123 | S26: 0.018434868 | T26: 0.018315309 | U26: 0.018229478 | V26: 0.018268565 | W26: 0.018292649 | X26: 0.018339556 | Y26: 0.018383386 | Z26: 0.018450842 | AA26: 0.018555347 | AB26: 0.018651634 | AC26: 0.018786325 | AD26: 0.018871696 | AE26: 0.018980528 | AF26: 0.019053141 | AG26: 0.01912562 | AH26: 0.019196127 | AI26: 0.019269271 | AJ26: 0.019358922 | AK26: 0.019424428 | AL26: 0.019516951 | AM26: 0.019589875 | AN26: 0.019676302 | AO26: 0.019758905 | AP26: 0.019836931 | AQ26: 0.019919981 | AR26: 0.01998537 | AS26: 0.020061536 | AT26: 0.020095135 | AU26: 0.020153544 | AV26: 0.020198737 | AW26: 0.020245911 | AX26: 0.02030203 | AY26: 0.020339825 | AZ26: 0.020421713 | BA26: 0.020501198 | BB26: 0.020596231 | BC26: 0.020688622 | BD26: 0.020800992 | BE26: 0.020920877 | BF26: 0.021037171 | BG26: 0.021149045 | BH26: 0.02126972 | BI26: 0.021373055 | BJ26: 0.021468494 | BK26: 0.021550439 | BL26: 0.021632287 | BM26: 0.021716064 | BN26: 0.021788606 | BO26: 0.021839574 | BP26: 0.021867735 | BQ26: 0.021898675 | BR26: 0.021933745 | BS26: 0.021983555 | BT26: 0.022021505 | BU26: 0.022042299 | BV26: 0.022058968 | BW26: 0.022063088 | BX26: 0.022078978 | BY26: 0.022096523 | BZ26: 0.022078365 | CA26: 0.02208148 | CB26: 0.022070491 | CC26: 0.022062789 | CD26: 0.02203296 | CE26: 0.022027941 | CF26: 0.022003547 | CG26: 0.021990696 | CH26: 0.021976056 | CI26: 0.021955621 | CJ26: 0.021942647 | CK26: 0.021913806 | CL26: 0.021907873 | CM26: 0.021878853 | CN26: 0.021849483 | CO26: 0.021814307 | CP26: 0.021788082 | CQ26: 0.021764358 | CR26: 0.021729974 | CS26: 0.021714946 | CT26: 0.021682629 | CU26: 0.021654684 | CV26: 0.02162046 | CW26: 0.02158531 | CX26: 0.021562037 | CY26: 0.021528728 | CZ26: 0.021498878 | DA26: 0.021444425 | DB26: 0.021402262 | DC26: 0.021346316 | DD26: 0.021287006 | DE26: 0.021231799 | DF26: 0.021177011 | DG26: 0.021129456 | DH26: 0.021098329 | DI26: 0.021052657 | DJ26: 0.02100837 | DK26: 0.020952226 | DL26: 0.02090946 | DM26: 0.020870054 | DN26: 0.020813455 | DO26: 0.02079835 | DP26: 0.020754516 | DQ26: 0.020731147 | DR26: 0.020706985 | DS26: 0.020690691 | DT26: 0.020678605 | DU26: 0.020661955 | DV26: 0.020687503 | DW26: 0.020664629 | DX26: 0.020687552 | DY26: 0.020693608 | DZ26: 0.02071059 | EA26: 0.020719727 | EB26: 0.020729989 | EC26: 0.020758953 | ED26: 0.020739881 | EE26: 0.020748108 | EF26: 0.020725093 | EG26: 0.020730434 | EH26: 0.020723142 | EI26: 0.020729303 | EJ26: 0.020747531 | EK26: 0.020746873 | EL26: 0.020806187 | EM26: 0.020803945 | EN26: 0.020858409 | EO26: 0.020881354 | EP26: 0.020922873 | EQ26: 0.020965712 | ER26: 0.020971039 | ES26: 0.021008875 | ET26: 0.020980431 | EU26: 0.020993688 | EV26: 0.020959212 | EW26: 0.020926991 | EX26: 0.020902323 | EY26: 0.020871899 | EZ26: 0.020896309 | FA26: 0.020867143 | FB26: 0.020867782 | FC26: 0.020833583 | FD26: 0.020809268 | FE26: 0.020761346 | FF26: 0.020704325 | FG26: 0.020666291 | FH26: 0.020602635 | FI26: 0.020579365 | FJ26: 0.02051897 | FK26: 0.020474239 | FL26: 0.020389452 | FM26: 0.020311553 | FN26: 0.020230067 | FO26: 0.020098569 | FP26: 0.019980606 | FQ26: 0.019776333 | FR26: 0.019641594 | FS26: 0.019495218 | FT26: 0.01937019 | FU26: 0.019271474 | FV26: 0.019207479 | FW26: 0.019191271 | FX26: 0.019111427 | FY26: 0.019098907 | FZ26: 0.019059091 | GA26: 0.019046978 | GB26: 0.019031092 | GC26: 0.019005891 | GD26: 0.019022335 | GE26: 0.018989265 | GF26: 0.018995628 | GG26: 0.018983993 | GH26: 0.018969615 | GI26: 0.01894061 | GJ26: 0.018939884 | GK26: 0.018962779 | GL26: 0.018936354 | GM26: 0.01896612 | GN26: 0.01896651 | GO26: 0.018959323 | GP26: 0.018970708 | GQ26: 0.018963195 | GR26: 0.018980856 | GS26: 0.019015532 | GT26: 0.019062623 | GU26: 0.019049937 | GV26: 0.019083562 | GW26: 0.019092116 | GX26: 0.019095438 | GY26: 0.019118429 | GZ26: 0.019159769 | HA26: 0.019214688 | HB26: 0.019209826 | HC26: 0.019240427 | HD26: 0.019207047 | HE26: 0.019168702 | HF26: 0.019172724 | HG26: 0.01916515 | HH26: 0.019162384 | HI26: 0.01912262 | HJ26: 0.019121123 | HK26: 0.019046221 | HL26: 0.019096359 | HM26: 0.018947082 | HN26: 0.018602226 | HO26: 0.018480726 | HP26: 0.018317424 | HQ26: 0.018211247 | HR26: 0.018167739 | HS26: 0.018113237 | HT26: 0.018035594 | HU26: 0.017991844 | HV26: 0.017949112 | HW26: 0.017891211 | HX26: 0.01785545 | HY26: 0.017732649 | HZ26: 0.017723332 | IA26: 0.017698425 | IB26: 0.017663293 | IC26: 0.017532122 | ID26: 0.017442912 | IE26: 0.017359492 | IF26: 0.017281616 | IG26: 0.017210296 | IH26: 0.017042022 | II26: 0.016965381 | IJ26: 0.016890212 | IK26: 0.0167379 | IL26: 0.016620821 | IM26: 0.016522354 | IN26: 0.016408781 | IO26: 0.016279372 | IP26: 0.016169883 | IQ26: 0.016063646 | IR26: 0.0159006 | IS26: 0.015761679 | IT26: 0.015727972 | IU26: 0.015625427 | IV26: 0.015508769 | IW26: 0.015346527 | IX26: 0.015143877 | IY26: 0.014932184 | IZ26: 0.014745557 | JA26: 0.014574797 | JB26: 0.014332353 | JC26: 0.014110052 | JD26: 0.014007881 | JE26: 0.013938819 | JF26: 0.013908296 | JG26: 0.013941338 | JH26: 0.014019892 | JI26: 0.014084833 | JJ26: 0.014062222 | JK26: 0.013991 | JL26: 0.013913933 | JM26: 0.013679575 | JN26: 0.013327952 | JO26: 0.013089112 | JP26: 0.012827351 | JQ26: 0.012467804 | JR26: 0.012121269 | JS26: 0.011812267 | JT26: 0.011418595 | JU26: 0.010986353 | JV26: 0.010633481 | JW26: 0.010236432 | JX26: 0.0097948949 | JY26: 0.0093329447 | JZ26: 0.0090216009 | KA26: 0.0087493783 | KB26: 0.0085447581 | KC26: 0.0083370619 | KD26: 0.0081938927 | KE26: 0.0080829146 | KF26: 0.0080451929 | KG26: 0.0080882291 | KH26: 0.0081611985 | KI26: 0.0082984033 | KJ26: 0.0086158045 | KK26: 0.0090729965 | KL26: 0.0096871349 | KM26: 0.010416981 | KN26: 0.011448982 | KO26: 0.012685657 | KP26: 0.014369547 | KQ26: 0.015738393 | KR26: 0.017066201 | KS26: 0.018523486 | KT26: 0.020033978 | KU26: 0.02145874 | KV26: 0.02262666
A27: 26 | B27: R026 | C27: PAK | D27: 256.5 | E27: 413.7931 | F27: 15 | G27: 118 | H27: 0.016702421 | I27: 0.016786575 | J27: 0.017000726 | K27: 0.017211117 | L27: 0.017284577 | M27: 0.017229935 | N27: 0.017142257 | O27: 0.017199677 | P27: 0.017301021 | Q27: 0.017369539 | R27: 0.017309378 | S27: 0.017191313 | T27: 0.017097176 | U27: 0.016990565 | V27: 0.017021513 | W27: 0.017034481 | X27: 0.017097699 | Y27: 0.017154822 | Z27: 0.017243472 | AA27: 0.017362918 | AB27: 0.017440058 | AC27: 0.017574582 | AD27: 0.017668511 | AE27: 0.017779336 | AF27: 0.017865322 | AG27: 0.017951709 | AH27: 0.018034202 | AI27: 0.018113089 | AJ27: 0.018220045 | AK27: 0.018286519 | AL27: 0.018399898 | AM27: 0.018487103 | AN27: 0.018580272 | AO27: 0.018681088 | AP27: 0.018785344 | AQ27: 0.018891584 | AR27: 0.018955539 | AS27: 0.019055296 | AT27: 0.019107859 | AU27: 0.019165501 | AV27: 0.019215396 | AW27: 0.019283877 | AX27: 0.0193558 | AY27: 0.019417126 | AZ27: 0.019514647 | BA27: 0.019593411 | BB27: 0.019708837 | BC27: 0.019826993 | BD27: 0.019952926 | BE27: 0.020088404 | BF27: 0.02022914 | BG27: 0.020360899 | BH27: 0.020498589 | BI27: 0.020619448 | BJ27: 0.020731314 | BK27: 0.020843666 | BL27: 0.020951269 | BM27: 0.021048704 | BN27: 0.02114161 | BO27: 0.021239349 | BP27: 0.021301273 | BQ27: 0.021347363 | BR27: 0.021401733 | BS27: 0.021465903 | BT27: 0.021536457 | BU27: 0.021580972 | BV27: 0.021602159 | BW27: 0.02162552 | BX27: 0.021672624 | BY27: 0.021700298 | BZ27: 0.021694923 | CA27: 0.021709501 | CB27: 0.021713956 | CC27: 0.021725945 | CD27: 0.021720105 | CE27: 0.021724543 | CF27: 0.021718549 | CG27: 0.021724568 | CH27: 0.02172029 | CI27: 0.021703134 | CJ27: 0.021693395 | CK27: 0.021677731 | CL27: 0.021688471 | CM27: 0.021667967 | CN27: 0.021658382 | CO27: 0.021635213 | CP27: 0.0216091 | CQ27: 0.021592124 | CR27: 0.021563923 | CS27: 0.021552926 | CT27: 0.021521522 | CU27: 0.021507308 | CV27: 0.021478858 | CW27: 0.021458533 | CX27: 0.021442847 | CY27: 0.021411769 | CZ27: 0.021377822 | DA27: 0.021337016 | DB27: 0.021291677 | DC27: 0.021246057 | DD27: 0.021202073 | DE27: 0.02115181 | DF27: 0.021103814 | DG27: 0.021065557 | DH27: 0.021036547 | DI27: 0.020988666 | DJ27: 0.020942519 | DK27: 0.020892087 | DL27: 0.02083335 | DM27: 0.020793504 | DN27: 0.020760107 | DO27: 0.020755436 | DP27: 0.020721326 | DQ27: 0.020711259 | DR27: 0.020681238 | DS27: 0.020680613 | DT27: 0.020686699 | DU27: 0.020681299 | DV27: 0.020702701 | DW27: 0.020695557 | DX27: 0.020724687 | DY27: 0.020720897 | DZ27: 0.020755244 | EA27: 0.020782676 | EB27: 0.02079305 | EC27: 0.020823641 | ED27: 0.020796425 | EE27: 0.020825608 | EF27: 0.02081717 | EG27: 0.02082685 | EH27: 0.020825203 | EI27: 0.020828011 | EJ27: 0.020845115 | EK27: 0.020843228 | EL27: 0.02089798 | EM27: 0.020896416 | EN27: 0.020965562 | EO27: 0.021004277 | EP27: 0.021064894 | EQ27: 0.021128346 | ER27: 0.021147283 | ES27: 0.02118503 | ET27: 0.021168342 | EU27: 0.021182239 | EV27: 0.021169115 | EW27: 0.021157553 | EX27: 0.021141532 | EY27: 0.021136923 | EZ27: 0.021168975 | FA27: 0.021114926 | FB27: 0.021117236 | FC27: 0.021081274 | FD27: 0.021055408 | FE27: 0.021016929 | FF27: 0.020961121 | FG27: 0.020922012 | FH27: 0.020844928 | FI27: 0.020815183 | FJ27: 0.020765045 | FK27: 0.020722273 | FL27: 0.020647538 | FM27: 0.020560996 | FN27: 0.020463783 | FO27: 0.020316074 | FP27: 0.020202723 | FQ27: 0.01999393 | FR27: 0.019861064 | FS27: 0.019703118 | FT27: 0.019595224 | FU27: 0.019518205 | FV27: 0.019428625 | FW27: 0.019392676 | FX27: 0.01933442 | FY27: 0.019326784 | FZ27: 0.019280611 | GA27: 0.019266449 | GB27: 0.019244281 | GC27: 0.019228899 | GD27: 0.019251193 | GE27: 0.019199699 | GF27: 0.019196754 | GG27: 0.019168997 | GH27: 0.019162467 | GI27: 0.019146244 | GJ27: 0.019162433 | GK27: 0.019187292 | GL27: 0.019162218 | GM27: 0.01917725 | GN27: 0.019178446 | GO27: 0.019174383 | GP27: 0.019195794 | GQ27: 0.019185938 | GR27: 0.019198095 | GS27: 0.019228594 | GT27: 0.019265358 | GU27: 0.019220967 | GV27: 0.019253304 | GW27: 0.019275351 | GX27: 0.019300419 | GY27: 0.019329038 | GZ27: 0.019338176 | HA27: 0.019397044 | HB27: 0.019341953 | HC27: 0.019383421 | HD27: 0.01939861 | HE27: 0.019361635 | HF27: 0.019354108 | HG27: 0.019283534 | HH27: 0.019282879 | HI27: 0.019235465 | HJ27: 0.019195584 | HK27: 0.019116285 | HL27: 0.019171764 | HM27: 0.019037578 | HN27: 0.018672973 | HO27: 0.018543637 | HP27: 0.01834627 | HQ27: 0.018205209 | HR27: 0.018064645 | HS27: 0.017997123 | HT27: 0.017912816 | HU27: 0.017912772 | HV27: 0.017909408 | HW27: 0.017850608 | HX27: 0.017785782 | HY27: 0.017683595 | HZ27: 0.017607239 | IA27: 0.017464402 | IB27: 0.017468275 | IC27: 0.017383262 | ID27: 0.017297782 | IE27: 0.017240364 | IF27: 0.017089139 | IG27: 0.017024608 | IH27: 0.01692902 | II27: 0.016883379 | IJ27: 0.016828223 | IK27: 0.016697285 | IL27: 0.016579015 | IM27: 0.016373268 | IN27: 0.01624875 | IO27: 0.01614066 | IP27: 0.016018708 | IQ27: 0.015871375 | IR27: 0.015714131 | IS27: 0.015582062 | IT27: 0.015404813 | IU27: 0.015273267 | IV27: 0.015088997 | IW27: 0.014935477 | IX27: 0.014761485 | IY27: 0.014555277 | IZ27: 0.014356035 | JA27: 0.014186836 | JB27: 0.013949572 | JC27: 0.013791447 | JD27: 0.013679939 | JE27: 0.013613616 | JF27: 0.013582628 | JG27: 0.013618613 | JH27: 0.013651782 | JI27: 0.013713395 | JJ27: 0.013720023 | JK27: 0.013633956 | JL27: 0.013450829 | JM27: 0.013251425 | JN27: 0.012945678 | JO27: 0.012633183 | JP27: 0.012353243 | JQ27: 0.012068773 | JR27: 0.011747332 | JS27: 0.011402115 | JT27: 0.011082175 | JU27: 0.010785047 | JV27: 0.010375502 | JW27: 0.0099489559 | JX27: 0.0095165699 | JY27: 0.0090841341 | JZ27: 0.0087055592 | KA27: 0.0084738394 | KB27: 0.0083090953 | KC27: 0.0081049642 | KD27: 0.0079606764 | KE27: 0.0079382375 | KF27: 0.0079156045 | KG27: 0.0079118239 | KH27: 0.0080281999 | KI27: 0.0082375374 | KJ27: 0.0085172367 | KK27: 0.0089518227 | KL27: 0.0095336205 | KM27: 0.010279473 | KN27: 0.011339482 | KO27: 0.012593628 | KP27: 0.014277054 | KQ27: 0.015678613 | KR27: 0.016991497 | KS27: 0.018615132 | KT27: 0.020134445 | KU27: 0.021887137 | KV27: 0.02321573
A28: 27 | B28: R027 | C28: TCI | D28: 15.9 | F28: 0.09 | G28: 1.8 | H28: 0.0054103134 | I28: 0.0053463967 | J28: 0.0053612645 | K28: 0.0053888769 | L28: 0.0053764231 | M28: 0.0053324095 | N28: 0.0052563738 | O28: 0.0052265693 | P28: 0.0052022954 | Q28: 0.0051864314 | R28: 0.0051325697 | S28: 0.0050403913 | T28: 0.0049489597 | U28: 0.0048504329 | V28: 0.004773148 | W28: 0.0046794707 | X28: 0.0046363978 | Y28: 0.0045839231 | Z28: 0.0045446715 | AA28: 0.0045199348 | AB28: 0.0044949727 | AC28: 0.004477902 | AD28: 0.0044427204 | AE28: 0.004427365 | AF28: 0.0044016286 | AG28: 0.0043918647 | AH28: 0.0043816046 | AI28: 0.0043592391 | AJ28: 0.0043479749 | AK28: 0.0043134205 | AL28: 0.0043102329 | AM28: 0.0042897404 | AN28: 0.004279021 | AO28: 0.0042626326 | AP28: 0.0042434515 | AQ28: 0.0042365611 | AR28: 0.0042105707 | AS28: 0.0042036134 | AT28: 0.0041680374 | AU28: 0.0041577806 | AV28: 0.0041402213 | AW28: 0.0041297091 | AX28: 0.0041205076 | AY28: 0.0040898083 | AZ28: 0.0040844564 | BA28: 0.0040686203 | BB28: 0.0040566901 | BC28: 0.0040356411 | BD28: 0.004023098 | BE28: 0.0040117844 | BF28: 0.0039831272 | BG28: 0.0039735569 | BH28: 0.0039569945 | BI28: 0.0039494935 | BJ28: 0.0039302085 | BK28: 0.003920373 | BL28: 0.003910917 | BM28: 0.0038941164 | BN28: 0.0038866583 | BO28: 0.003875079 | BP28: 0.0038625809 | BQ28: 0.0038401009 | BR28: 0.0038301985 | BS28: 0.0038221977 | BT28: 0.0038106906 | BU28: 0.0038009984 | BV28: 0.0037741165 | BW28: 0.0037644855 | BX28: 0.0037569282 | BY28: 0.0037530025 | BZ28: 0.0037045683 | CA28: 0.0036878377 | CB28: 0.0036769526 | CC28: 0.0036605604 | CD28: 0.0036505902 | CE28: 0.0036322009 | CF28: 0.0036171843 | CG28: 0.0035942761 | CH28: 0.0035776637 | CI28: 0.0035631932 | CJ28: 0.0035413814 | CK28: 0.0035296511 | CL28: 0.0035040996 | CM28: 0.003488274 | CN28: 0.0034641461 | CO28: 0.0034463285 | CP28: 0.0034310523 | CQ28: 0.0034126064 | CR28: 0.0034021982 | CS28: 0.0033720787 | CT28: 0.0033606818 | CU28: 0.0033315232 | CV28: 0.0033185394 | CW28: 0.0033045253 | CX28: 0.0032837298 | CY28: 0.0032693231 | CZ28: 0.0032454073 | DA28: 0.0032290689 | DB28: 0.003199557 | DC28: 0.0031879341 | DD28: 0.0031712563 | DE28: 0.0031530596 | DF28: 0.0031408955 | DG28: 0.0031181974 | DH28: 0.0031161436 | DI28: 0.0030851452 | DJ28: 0.0030734415 | DK28: 0.0030551309 | DL28: 0.0030341221 | DM28: 0.0030170173 | DN28: 0.0030017307 | DO28: 0.0029970428 | DP28: 0.0029810001 | DQ28: 0.0029750939 | DR28: 0.0029533935 | DS28: 0.002942187 | DT28: 0.0029303403 | DU28: 0.0029121213 | DV28: 0.0029080346 | DW28: 0.0028838282 | DX28: 0.0028829945 | DY28: 0.0028648797 | DZ28: 0.0028556002 | EA28: 0.0028418478 | EB28: 0.0028281662 | EC28: 0.0028213162 | ED28: 0.0028017731 | EE28: 0.0028020168 | EF28: 0.0027798813 | EG28: 0.0027718744 | EH28: 0.0027605327 | EI28: 0.0027501475 | EJ28: 0.002742575 | EK28: 0.0027311638 | EL28: 0.0027330132 | EM28: 0.002719416 | EN28: 0.0027180072 | EO28: 0.0027046331 | EP28: 0.0027034704 | EQ28: 0.0027053294 | ER28: 0.0026893512 | ES28: 0.0026893493 | ET28: 0.0026784041 | EU28: 0.0026789015 | EV28: 0.0026574611 | EW28: 0.0026457423 | EX28: 0.0026339302 | EY28: 0.0026250992 | EZ28: 0.002630356 | FA28: 0.0026075724 | FB28: 0.0026090954 | FC28: 0.002602441 | FD28: 0.0025916027 | FE28: 0.0025712116 | FF28: 0.0025535675 | FG28: 0.0025404012 | FH28: 0.0025146146 | FI28: 0.0025145332 | FJ28: 0.0025102406 | FK28: 0.0024998777 | FL28: 0.0024785727 | FM28: 0.0024673043 | FN28: 0.0024602415 | FO28: 0.0024431343 | FP28: 0.0024373313 | FQ28: 0.0024165165 | FR28: 0.0024010287 | FS28: 0.002384252 | FT28: 0.0023805559 | FU28: 0.0023705927 | FV28: 0.002344207 | FW28: 0.0023368897 | FX28: 0.0023156561 | FY28: 0.0023111294 | FZ28: 0.0022999762 | GA28: 0.002292515 | GB28: 0.0022789718 | GC28: 0.0022960662 | GD28: 0.002313133 | GE28: 0.002296277 | GF28: 0.0023040769 | GG28: 0.002309859 | GH28: 0.0023081666 | GI28: 0.0022941387 | GJ28: 0.0022985371 | GK28: 0.0023074092 | GL28: 0.0023036292 | GM28: 0.0023114536 | GN28: 0.0023345 | GO28: 0.0023021419 | GP28: 0.0023055528 | GQ28: 0.0023055448 | GR28: 0.0023161268 | GS28: 0.0023165351 | GT28: 0.0023156085 | GU28: 0.002322799 | GV28: 0.0023308096 | GW28: 0.0023331628 | GX28: 0.0023421805 | GY28: 0.0023561797 | GZ28: 0.0023571997 | HA28: 0.0023790096 | HB28: 0.0023977768 | HC28: 0.0024267176 | HD28: 0.0024704298 | HE28: 0.0024472836 | HF28: 0.0024714384 | HG28: 0.0024872492 | HH28: 0.0025013274 | HI28: 0.0025091599 | HJ28: 0.0025406875 | HK28: 0.0025645276 | HL28: 0.0025528763 | HM28: 0.0025280969 | HN28: 0.0025349992 | HO28: 0.0025518175 | HP28: 0.002510207 | HQ28: 0.0025161519 | HR28: 0.0025360102 | HS28: 0.0025458355 | HT28: 0.0025522875 | HU28: 0.0025642621 | HV28: 0.002577119 | HW28: 0.0025997373 | HX28: 0.0026021901 | HY28: 0.0025952426 | HZ28: 0.0026055945 | IA28: 0.002620508 | IB28: 0.0026736842 | IC28: 0.0026438988 | ID28: 0.0026554189 | IE28: 0.0026374391 | IF28: 0.002612959 | IG28: 0.002640972 | IH28: 0.0026406916 | II28: 0.0026388396 | IJ28: 0.002635535 | IK28: 0.0025654973 | IL28: 0.0025326541 | IM28: 0.0024676166 | IN28: 0.002437149 | IO28: 0.0024025659 | IP28: 0.0023792823 | IQ28: 0.0023448918 | IR28: 0.002349474 | IS28: 0.0023290142 | IT28: 0.0023092331 | IU28: 0.0022804732 | IV28: 0.002245724 | IW28: 0.0022113106 | IX28: 0.0021540965 | IY28: 0.0020669445 | IZ28: 0.0019852524 | JA28: 0.0019486883 | JB28: 0.0018289413 | JC28: 0.0017838471 | JD28: 0.0017645161 | JE28: 0.0017811848 | JF28: 0.001749568 | JG28: 0.0017540068 | JH28: 0.0017765742 | JI28: 0.0018371898 | JJ28: 0.0019335422 | JK28: 0.0020267916 | JL28: 0.0021603406 | JM28: 0.0022429209 | JN28: 0.002225041 | JO28: 0.0022883925 | JP28: 0.0023280077 | JQ28: 0.0023519838 | JR28: 0.0023150991 | JS28: 0.0023111435 | JT28: 0.0022970383 | JU28: 0.0022918327 | JV28: 0.0022610451 | JW28: 0.0022090481 | JX28: 0.0021085061 | JY28: 0.0020432848 | JZ28: 0.0020742193 | KA28: 0.0020278606 | KB28: 0.0020004428 | KC28: 0.0019455934 | KD28: 0.0019079815 | KE28: 0.0018777922 | KF28: 0.0018708984 | KG28: 0.0018578489 | KH28: 0.0018883402 | KI28: 0.0019619292 | KJ28: 0.002083185 | KK28: 0.0022595398 | KL28: 0.002498592 | KM28: 0.002771291 | KN28: 0.0033160177 | KO28: 0.0038470851 | KP28: 0.004501753 | KQ28: 0.0051214992 | KR28: 0.0056851038 | KS28: 0.0063080019 | KT28: 0.0069690026 | KU28: 0.0076811997 | KV28: 0.0083851944
A29: 28 | B29: R028 | C29: TCI | D29: 15.65 | F29: 0.09 | G29: 1.9 | H29: 0.0056235071 | I29: 0.0056002367 | J29: 0.0056041896 | K29: 0.0056171808 | L29: 0.0056068629 | M29: 0.005562426 | N29: 0.0054604589 | O29: 0.0054231257 | P29: 0.0054258249 | Q29: 0.0053884767 | R29: 0.0052940618 | S29: 0.0052020925 | T29: 0.0051036759 | U29: 0.0049886328 | V29: 0.0049095673 | W29: 0.0048276704 | X29: 0.0047781947 | Y29: 0.0047226235 | Z29: 0.0046721534 | AA29: 0.0046389998 | AB29: 0.0046072671 | AC29: 0.0045916496 | AD29: 0.0045459513 | AE29: 0.0045306035 | AF29: 0.0045069126 | AG29: 0.0044916857 | AH29: 0.0044770597 | AI29: 0.0044503373 | AJ29: 0.0044397236 | AK29: 0.0044117308 | AL29: 0.0044091016 | AM29: 0.0043850177 | AN29: 0.0043704869 | AO29: 0.0043540357 | AP29: 0.0043347299 | AQ29: 0.0043234893 | AR29: 0.0043006683 | AS29: 0.004295672 | AT29: 0.0042721556 | AU29: 0.0042671128 | AV29: 0.004248863 | AW29: 0.0042261353 | AX29: 0.0042141195 | AY29: 0.0041933635 | AZ29: 0.0041840575 | BA29: 0.0041637927 | BB29: 0.0041578665 | BC29: 0.0041359389 | BD29: 0.0041239296 | BE29: 0.0041173058 | BF29: 0.0040957195 | BG29: 0.004091281 | BH29: 0.0040656727 | BI29: 0.0040591759 | BJ29: 0.0040421726 | BK29: 0.0040315635 | BL29: 0.0040195626 | BM29: 0.0040033515 | BN29: 0.003997044 | BO29: 0.0039804501 | BP29: 0.0039709936 | BQ29: 0.0039489278 | BR29: 0.0039415443 | BS29: 0.0039346558 | BT29: 0.0039248562 | BU29: 0.0039142821 | BV29: 0.0038846575 | BW29: 0.0038731604 | BX29: 0.0038545212 | BY29: 0.0038383101 | BZ29: 0.0038167123 | CA29: 0.0037998201 | CB29: 0.0037894769 | CC29: 0.0037740668 | CD29: 0.0037631088 | CE29: 0.003738775 | CF29: 0.0037262004 | CG29: 0.0037119416 | CH29: 0.0036957538 | CI29: 0.0036825829 | CJ29: 0.0036605251 | CK29: 0.003644967 | CL29: 0.0036149941 | CM29: 0.0036012547 | CN29: 0.0035836965 | CO29: 0.0035647752 | CP29: 0.0035479148 | CQ29: 0.0035216663 | CR29: 0.0035088446 | CS29: 0.0034875634 | CT29: 0.0034837078 | CU29: 0.0034559089 | CV29: 0.0034371264 | CW29: 0.0034171802 | CX29: 0.0033999644 | CY29: 0.0033855276 | CZ29: 0.0033562146 | DA29: 0.0033434045 | DB29: 0.0033125118 | DC29: 0.0032996544 | DD29: 0.0032828447 | DE29: 0.0032639018 | DF29: 0.0032519712 | DG29: 0.0032286303 | DH29: 0.0032269893 | DI29: 0.0032054767 | DJ29: 0.0031971571 | DK29: 0.0031742979 | DL29: 0.0031519683 | DM29: 0.0031353395 | DN29: 0.0031125515 | DO29: 0.0031057249 | DP29: 0.0030830388 | DQ29: 0.003071216 | DR29: 0.003046895 | DS29: 0.0030344852 | DT29: 0.0030230272 | DU29: 0.0030055719 | DV29: 0.0030054778 | DW29: 0.0029834003 | DX29: 0.0029809287 | DY29: 0.0029512883 | DZ29: 0.0029476118 | EA29: 0.0029447457 | EB29: 0.0029258342 | EC29: 0.0029194291 | ED29: 0.0028967802 | EE29: 0.0028906813 | EF29: 0.0028701094 | EG29: 0.0028604566 | EH29: 0.0028473873 | EI29: 0.0028397241 | EJ29: 0.0028364122 | EK29: 0.0028232701 | EL29: 0.0028298231 | EM29: 0.0028168211 | EN29: 0.0028099173 | EO29: 0.0027896239 | EP29: 0.0027929474 | EQ29: 0.0027963696 | ER29: 0.0027807155 | ES29: 0.0027811486 | ET29: 0.0027678177 | EU29: 0.0027657283 | EV29: 0.0027434332 | EW29: 0.0027343668 | EX29: 0.0027278818 | EY29: 0.0027084786 | EZ29: 0.002706138 | FA29: 0.0026998575 | FB29: 0.002700701 | FC29: 0.0026951367 | FD29: 0.002682588 | FE29: 0.002665312 | FF29: 0.0026441386 | FG29: 0.002630733 | FH29: 0.0026140555 | FI29: 0.0026081979 | FJ29: 0.0025763748 | FK29: 0.0025694473 | FL29: 0.0025537985 | FM29: 0.0025371951 | FN29: 0.0025220051 | FO29: 0.002508004 | FP29: 0.0025101629 | FQ29: 0.0024564036 | FR29: 0.0024390681 | FS29: 0.002426244 | FT29: 0.0024066479 | FU29: 0.0023929265 | FV29: 0.002382625 | FW29: 0.0023740752 | FX29: 0.0023573182 | FY29: 0.0023543343 | FZ29: 0.0023542652 | GA29: 0.0023560824 | GB29: 0.0023516502 | GC29: 0.0023513719 | GD29: 0.0023645602 | GE29: 0.002357973 | GF29: 0.0023615983 | GG29: 0.0023713257 | GH29: 0.0023673621 | GI29: 0.0023587429 | GJ29: 0.0023453344 | GK29: 0.0023376142 | GL29: 0.0023363136 | GM29: 0.0023417752 | GN29: 0.0023575711 | GO29: 0.0023493069 | GP29: 0.0023606277 | GQ29: 0.0023516306 | GR29: 0.0023573357 | GS29: 0.0023704919 | GT29: 0.0023816346 | GU29: 0.0023792873 | GV29: 0.0023911118 | GW29: 0.0024002708 | GX29: 0.0024029514 | GY29: 0.0024192966 | GZ29: 0.0024418774 | HA29: 0.0024656675 | HB29: 0.0024507412 | HC29: 0.002461184 | HD29: 0.0024783084 | HE29: 0.0024861705 | HF29: 0.0024992293 | HG29: 0.0025087987 | HH29: 0.0025191764 | HI29: 0.002539257 | HJ29: 0.0025656814 | HK29: 0.0025700309 | HL29: 0.0025811923 | HM29: 0.0025952244 | HN29: 0.0025925013 | HO29: 0.0025897943 | HP29: 0.0025619545 | HQ29: 0.0025701927 | HR29: 0.0026075925 | HS29: 0.0026180037 | HT29: 0.0026081413 | HU29: 0.0026226857 | HV29: 0.0026280595 | HW29: 0.0027002365 | HX29: 0.0027160202 | HY29: 0.0027246009 | HZ29: 0.0027345444 | IA29: 0.0027215122 | IB29: 0.0026926277 | IC29: 0.0026804639 | ID29: 0.0026752288 | IE29: 0.0026643569 | IF29: 0.0026908964 | IG29: 0.0027128983 | IH29: 0.0027335419 | II29: 0.0026783042 | IJ29: 0.002618527 | IK29: 0.0026016742 | IL29: 0.0025841763 | IM29: 0.0025143099 | IN29: 0.0024778523 | IO29: 0.0024164133 | IP29: 0.0024099368 | IQ29: 0.0024020561 | IR29: 0.0024217868 | IS29: 0.0024017843 | IT29: 0.0023406185 | IU29: 0.0022940022 | IV29: 0.0022408021 | IW29: 0.0022031108 | IX29: 0.0021529079 | IY29: 0.0020847329 | IZ29: 0.0020238268 | JA29: 0.0020135001 | JB29: 0.0019042664 | JC29: 0.001861228 | JD29: 0.0018245921 | JE29: 0.0017815215 | JF29: 0.0017665731 | JG29: 0.0017829093 | JH29: 0.0017962218 | JI29: 0.0018572454 | JJ29: 0.0019947857 | JK29: 0.0020996346 | JL29: 0.0022339756 | JM29: 0.002302171 | JN29: 0.0022723375 | JO29: 0.0023762917 | JP29: 0.0024386394 | JQ29: 0.0023910902 | JR29: 0.0023500599 | JS29: 0.0023250088 | JT29: 0.0023204754 | JU29: 0.0023303481 | JV29: 0.0022765478 | JW29: 0.0022118208 | JX29: 0.0021980829 | JY29: 0.002144374 | JZ29: 0.0021683648 | KA29: 0.0021046583 | KB29: 0.0020501707 | KC29: 0.0020001547 | KD29: 0.0019588447 | KE29: 0.0019341082 | KF29: 0.0019487193 | KG29: 0.0019590681 | KH29: 0.0019963047 | KI29: 0.002086563 | KJ29: 0.002179162 | KK29: 0.0023479666 | KL29: 0.0026372212 | KM29: 0.0029190978 | KN29: 0.0033993704 | KO29: 0.0038920376 | KP29: 0.0046116646 | KQ29: 0.0052646117 | KR29: 0.0059037626 | KS29: 0.0065642282 | KT29: 0.007224826 | KU29: 0.0078877339 | KV29: 0.0085222547
A30: 35 | B30: R029 | C30: PAK | D30: 268 | E30: 720 | F30: 14 | G30: 94 | H30: 0.019217699 | I30: 0.018890367 | J30: 0.018607978 | K30: 0.018372901 | L30: 0.018235996 | M30: 0.018197471 | N30: 0.018153447 | O30: 0.018207442 | P30: 0.018204654 | Q30: 0.018266485 | R30: 0.018353728 | S30: 0.018382752 | T30: 0.018424005 | U30: 0.018456538 | V30: 0.018526477 | W30: 0.018544594 | X30: 0.018642975 | Y30: 0.01874 | Z30: 0.018830942 | AA30: 0.018942754 | AB30: 0.01900468 | AC30: 0.01912245 | AD30: 0.019185638 | AE30: 0.019274292 | AF30: 0.0193303 | AG30: 0.019399485 | AH30: 0.019467293 | AI30: 0.019510308 | AJ30: 0.019587408 | AK30: 0.019673956 | AL30: 0.019779854 | AM30: 0.019860286 | AN30: 0.019972016 | AO30: 0.020084854 | AP30: 0.020192078 | AQ30: 0.020308345 | AR30: 0.020394409 | AS30: 0.02049664 | AT30: 0.020557066 | AU30: 0.020633795 | AV30: 0.020702315 | AW30: 0.020764114 | AX30: 0.020834931 | AY30: 0.020914172 | AZ30: 0.021031703 | BA30: 0.021154696 | BB30: 0.021287411 | BC30: 0.021433809 | BD30: 0.021594833 | BE30: 0.021756299 | BF30: 0.021921409 | BG30: 0.022078874 | BH30: 0.022255503 | BI30: 0.022395287 | BJ30: 0.022532603 | BK30: 0.022647419 | BL30: 0.022746414 | BM30: 0.02284459 | BN30: 0.02292558 | BO30: 0.023003245 | BP30: 0.023033305 | BQ30: 0.023077862 | BR30: 0.023116666 | BS30: 0.023161318 | BT30: 0.023225302 | BU30: 0.023252802 | BV30: 0.023276582 | BW30: 0.023272036 | BX30: 0.023285351 | BY30: 0.023285642 | BZ30: 0.023299778 | CA30: 0.023306704 | CB30: 0.023303834 | CC30: 0.023309143 | CD30: 0.023290936 | CE30: 0.023282385 | CF30: 0.023260906 | CG30: 0.023244805 | CH30: 0.023218065 | CI30: 0.02318558 | CJ30: 0.023173097 | CK30: 0.023128865 | CL30: 0.023128192 | CM30: 0.023095481 | CN30: 0.023069991 | CO30: 0.023036132 | CP30: 0.023006022 | CQ30: 0.022991124 | CR30: 0.022954813 | CS30: 0.022928814 | CT30: 0.022901853 | CU30: 0.022879099 | CV30: 0.022841414 | CW30: 0.022798632 | CX30: 0.022767134 | CY30: 0.022720476 | CZ30: 0.022687088 | DA30: 0.022630119 | DB30: 0.022569761 | DC30: 0.022506648 | DD30: 0.022454007 | DE30: 0.022395784 | DF30: 0.022337557 | DG30: 0.02226245 | DH30: 0.022216565 | DI30: 0.022168446 | DJ30: 0.022112824 | DK30: 0.022052175 | DL30: 0.021998306 | DM30: 0.021957715 | DN30: 0.021897842 | DO30: 0.021873267 | DP30: 0.021838158 | DQ30: 0.021811621 | DR30: 0.021790351 | DS30: 0.021780268 | DT30: 0.021774076 | DU30: 0.021765348 | DV30: 0.021782001 | DW30: 0.021764791 | DX30: 0.021786696 | DY30: 0.021784799 | DZ30: 0.021812731 | EA30: 0.021816198 | EB30: 0.021806565 | EC30: 0.021818328 | ED30: 0.021830003 | EE30: 0.021837196 | EF30: 0.021802443 | EG30: 0.021800263 | EH30: 0.021790995 | EI30: 0.021780997 | EJ30: 0.021785296 | EK30: 0.021772116 | EL30: 0.021818345 | EM30: 0.021801564 | EN30: 0.021869656 | EO30: 0.021921102 | EP30: 0.021990783 | EQ30: 0.022057638 | ER30: 0.02208134 | ES30: 0.022119417 | ET30: 0.02208708 | EU30: 0.022112182 | EV30: 0.02208748 | EW30: 0.022077253 | EX30: 0.022059812 | EY30: 0.022048645 | EZ30: 0.022052239 | FA30: 0.022006121 | FB30: 0.021997067 | FC30: 0.021947811 | FD30: 0.021926725 | FE30: 0.021891084 | FF30: 0.021839926 | FG30: 0.021800894 | FH30: 0.021742809 | FI30: 0.02170223 | FJ30: 0.021616728 | FK30: 0.021543426 | FL30: 0.021436377 | FM30: 0.021331631 | FN30: 0.021229257 | FO30: 0.021071823 | FP30: 0.020943176 | FQ30: 0.020766766 | FR30: 0.020588251 | FS30: 0.020418998 | FT30: 0.020284003 | FU30: 0.020179546 | FV30: 0.020106196 | FW30: 0.020079162 | FX30: 0.020010414 | FY30: 0.019993867 | FZ30: 0.019967804 | GA30: 0.019936837 | GB30: 0.019914031 | GC30: 0.019857112 | GD30: 0.019841225 | GE30: 0.019807364 | GF30: 0.019795838 | GG30: 0.019762695 | GH30: 0.019760324 | GI30: 0.019744389 | GJ30: 0.019737876 | GK30: 0.019737132 | GL30: 0.019759165 | GM30: 0.019767922 | GN30: 0.019702173 | GO30: 0.019723699 | GP30: 0.019727979 | GQ30: 0.019722731 | GR30: 0.01972996 | GS30: 0.019735032 | GT30: 0.019770637 | GU30: 0.019778246 | GV30: 0.019813055 | GW30: 0.019858183 | GX30: 0.019879816 | GY30: 0.019900277 | GZ30: 0.019866336 | HA30: 0.019886615 | HB30: 0.01989525 | HC30: 0.019900003 | HD30: 0.019905191 | HE30: 0.019879905 | HF30: 0.019857482 | HG30: 0.019835502 | HH30: 0.019818924 | HI30: 0.01976245 | HJ30: 0.01972116 | HK30: 0.019621439 | HL30: 0.019547055 | HM30: 0.019410384 | HN30: 0.019195947 | HO30: 0.019031918 | HP30: 0.01886874 | HQ30: 0.018718 | HR30: 0.018604633 | HS30: 0.018539083 | HT30: 0.018424708 | HU30: 0.018391441 | HV30: 0.018377425 | HW30: 0.018260916 | HX30: 0.018183045 | HY30: 0.018044672 | HZ30: 0.018037745 | IA30: 0.018023414 | IB30: 0.017943533 | IC30: 0.017876968 | ID30: 0.017777515 | IE30: 0.017700465 | IF30: 0.017666665 | IG30: 0.017553769 | IH30: 0.017351459 | II30: 0.017269379 | IJ30: 0.017186451 | IK30: 0.017110083 | IL30: 0.017015888 | IM30: 0.016849359 | IN30: 0.016686825 | IO30: 0.016490691 | IP30: 0.016372405 | IQ30: 0.016239967 | IR30: 0.01608517 | IS30: 0.015944369 | IT30: 0.015767756 | IU30: 0.01564008 | IV30: 0.015533464 | IW30: 0.015448816 | IX30: 0.015327269 | IY30: 0.015225429 | IZ30: 0.015119111 | JA30: 0.014955587 | JB30: 0.014746454 | JC30: 0.01449122 | JD30: 0.014288052 | JE30: 0.014055184 | JF30: 0.013696942 | JG30: 0.013340207 | JH30: 0.012955481 | JI30: 0.012681616 | JJ30: 0.012497673 | JK30: 0.012455114 | JL30: 0.012409737 | JM30: 0.012450704 | JN30: 0.012439972 | JO30: 0.012336292 | JP30: 0.012211517 | JQ30: 0.012035646 | JR30: 0.011794519 | JS30: 0.011599726 | JT30: 0.011307163 | JU30: 0.010973437 | JV30: 0.010636323 | JW30: 0.010248025 | JX30: 0.0099477188 | JY30: 0.0095727585 | JZ30: 0.0092970285 | KA30: 0.0090064197 | KB30: 0.0087481778 | KC30: 0.0085579961 | KD30: 0.0084154591 | KE30: 0.0082934251 | KF30: 0.0082045294 | KG30: 0.0081903013 | KH30: 0.008167728 | KI30: 0.0082066852 | KJ30: 0.0083839444 | KK30: 0.0086800251 | KL30: 0.0091541603 | KM30: 0.0097408707 | KN30: 0.010876671 | KO30: 0.011953153 | KP30: 0.013318193 | KQ30: 0.014998022 | KR30: 0.016810868 | KS30: 0.018408924 | KT30: 0.019949026 | KU30: 0.021180608 | KV30: 0.02239991
A31: 36 | B31: R030 | C31: PAK | D31: 261.5 | F31: 10 | G31: 70 | H31: 0.022390873 | I31: 0.022307398 | J31: 0.022246109 | K31: 0.022153649 | L31: 0.022101161 | M31: 0.022074698 | N31: 0.022046956 | O31: 0.022108764 | P31: 0.022125501 | Q31: 0.022156689 | R31: 0.022176179 | S31: 0.022154813 | T31: 0.022180209 | U31: 0.022219179 | V31: 0.022300698 | W31: 0.022379873 | X31: 0.022480134 | Y31: 0.022569535 | Z31: 0.022663806 | AA31: 0.02277108 | AB31: 0.022857558 | AC31: 0.022974427 | AD31: 0.023054027 | AE31: 0.023137926 | AF31: 0.023192738 | AG31: 0.023242558 | AH31: 0.023282038 | AI31: 0.023339278 | AJ31: 0.023396171 | AK31: 0.023457768 | AL31: 0.023528958 | AM31: 0.023595479 | AN31: 0.023666626 | AO31: 0.023740769 | AP31: 0.023807424 | AQ31: 0.023876991 | AR31: 0.023930057 | AS31: 0.023983244 | AT31: 0.024003665 | AU31: 0.024032068 | AV31: 0.024053808 | AW31: 0.024081302 | AX31: 0.024118088 | AY31: 0.024170119 | AZ31: 0.024257642 | BA31: 0.024369187 | BB31: 0.024496019 | BC31: 0.024652448 | BD31: 0.02481602 | BE31: 0.024970885 | BF31: 0.025128315 | BG31: 0.025281629 | BH31: 0.025443913 | BI31: 0.025575111 | BJ31: 0.025690996 | BK31: 0.025799502 | BL31: 0.025897177 | BM31: 0.026004429 | BN31: 0.026075785 | BO31: 0.026147891 | BP31: 0.026165327 | BQ31: 0.026185623 | BR31: 0.02621895 | BS31: 0.026272031 | BT31: 0.026331194 | BU31: 0.02635395 | BV31: 0.026375933 | BW31: 0.026368251 | BX31: 0.026377659 | BY31: 0.02638917 | BZ31: 0.0263746 | CA31: 0.026370952 | CB31: 0.026363464 | CC31: 0.026374382 | CD31: 0.026347066 | CE31: 0.026352256 | CF31: 0.026331789 | CG31: 0.026328982 | CH31: 0.026311021 | CI31: 0.026289992 | CJ31: 0.026288244 | CK31: 0.026270834 | CL31: 0.026294047 | CM31: 0.026284606 | CN31: 0.026294086 | CO31: 0.026305116 | CP31: 0.026316218 | CQ31: 0.026342404 | CR31: 0.026336386 | CS31: 0.026349644 | CT31: 0.026337886 | CU31: 0.026348645 | CV31: 0.026339405 | CW31: 0.026339597 | CX31: 0.026312017 | CY31: 0.026264772 | CZ31: 0.026218006 | DA31: 0.026150331 | DB31: 0.026105079 | DC31: 0.026036597 | DD31: 0.025962899 | DE31: 0.025896199 | DF31: 0.025835697 | DG31: 0.025775324 | DH31: 0.025703104 | DI31: 0.025627536 | DJ31: 0.025555991 | DK31: 0.025492986 | DL31: 0.025425177 | DM31: 0.025368118 | DN31: 0.025323914 | DO31: 0.025272657 | DP31: 0.025201065 | DQ31: 0.025153213 | DR31: 0.025114318 | DS31: 0.025079116 | DT31: 0.025055178 | DU31: 0.025033894 | DV31: 0.025027886 | DW31: 0.024993517 | DX31: 0.024975489 | DY31: 0.024955528 | DZ31: 0.024950484 | EA31: 0.024943988 | EB31: 0.024933107 | EC31: 0.024930694 | ED31: 0.024902337 | EE31: 0.024885186 | EF31: 0.024837593 | EG31: 0.024816298 | EH31: 0.024781467 | EI31: 0.024753408 | EJ31: 0.024734645 | EK31: 0.024709712 | EL31: 0.02473317 | EM31: 0.024713716 | EN31: 0.024754096 | EO31: 0.024769986 | EP31: 0.024797168 | EQ31: 0.024814892 | ER31: 0.024821417 | ES31: 0.02483362 | ET31: 0.024807185 | EU31: 0.024796687 | EV31: 0.024758329 | EW31: 0.02473733 | EX31: 0.024718123 | EY31: 0.02468527 | EZ31: 0.024667138 | FA31: 0.024617682 | FB31: 0.02458142 | FC31: 0.024514038 | FD31: 0.024475494 | FE31: 0.024404422 | FF31: 0.024326277 | FG31: 0.024278438 | FH31: 0.024211568 | FI31: 0.024150763 | FJ31: 0.024061627 | FK31: 0.023983296 | FL31: 0.023870099 | FM31: 0.023751254 | FN31: 0.023636861 | FO31: 0.023459963 | FP31: 0.023301388 | FQ31: 0.023071571 | FR31: 0.022878915 | FS31: 0.022677749 | FT31: 0.022540871 | FU31: 0.022440341 | FV31: 0.022337651 | FW31: 0.022279608 | FX31: 0.022212357 | FY31: 0.022193653 | FZ31: 0.022149378 | GA31: 0.022112333 | GB31: 0.022071376 | GC31: 0.022039408 | GD31: 0.022031591 | GE31: 0.021978826 | GF31: 0.021962223 | GG31: 0.021897665 | GH31: 0.02187617 | GI31: 0.021842691 | GJ31: 0.021817721 | GK31: 0.021806977 | GL31: 0.021799698 | GM31: 0.021793128 | GN31: 0.02177347 | GO31: 0.021741617 | GP31: 0.021726354 | GQ31: 0.021761129 | GR31: 0.021787548 | GS31: 0.021771599 | GT31: 0.021774384 | GU31: 0.021770178 | GV31: 0.021770751 | GW31: 0.021738122 | GX31: 0.021743289 | GY31: 0.021750851 | GZ31: 0.021782295 | HA31: 0.021818559 | HB31: 0.021837126 | HC31: 0.021837106 | HD31: 0.021794659 | HE31: 0.021765902 | HF31: 0.021772945 | HG31: 0.021722228 | HH31: 0.02170057 | HI31: 0.021546608 | HJ31: 0.021495282 | HK31: 0.021430181 | HL31: 0.021406198 | HM31: 0.021230773 | HN31: 0.020954568 | HO31: 0.020816075 | HP31: 0.020620417 | HQ31: 0.020486871 | HR31: 0.020414211 | HS31: 0.020333746 | HT31: 0.020217373 | HU31: 0.020116351 | HV31: 0.020036085 | HW31: 0.019968521 | HX31: 0.019909373 | HY31: 0.019806797 | HZ31: 0.01974609 | IA31: 0.019652812 | IB31: 0.019567432 | IC31: 0.019441971 | ID31: 0.019395456 | IE31: 0.019334013 | IF31: 0.019118548 | IG31: 0.019089555 | IH31: 0.019018678 | II31: 0.018934707 | IJ31: 0.018826033 | IK31: 0.018695254 | IL31: 0.018559697 | IM31: 0.018467008 | IN31: 0.018305504 | IO31: 0.018118224 | IP31: 0.01801036 | IQ31: 0.017897603 | IR31: 0.017728144 | IS31: 0.017602077 | IT31: 0.017476087 | IU31: 0.01736573 | IV31: 0.017192484 | IW31: 0.017124755 | IX31: 0.017065052 | IY31: 0.016931228 | IZ31: 0.016806469 | JA31: 0.01669397 | JB31: 0.01647769 | JC31: 0.016194263 | JD31: 0.01598124 | JE31: 0.015718955 | JF31: 0.015476635 | JG31: 0.015220317 | JH31: 0.014966078 | JI31: 0.014764047 | JJ31: 0.014526925 | JK31: 0.014432778 | JL31: 0.014411533 | JM31: 0.01433037 | JN31: 0.014163613 | JO31: 0.013901891 | JP31: 0.013650059 | JQ31: 0.013456503 | JR31: 0.013142525 | JS31: 0.012790263 | JT31: 0.012446382 | JU31: 0.012080913 | JV31: 0.01169246 | JW31: 0.011269609 | JX31: 0.010795348 | JY31: 0.010330312 | JZ31: 0.0099413737 | KA31: 0.0096272693 | KB31: 0.0093647206 | KC31: 0.0091684844 | KD31: 0.0090129485 | KE31: 0.0088817114 | KF31: 0.0087927061 | KG31: 0.0086996616 | KH31: 0.0087422585 | KI31: 0.0088603426 | KJ31: 0.0090334427 | KK31: 0.0093337542 | KL31: 0.0098140451 | KM31: 0.010408082 | KN31: 0.01140601 | KO31: 0.012508515 | KP31: 0.013998797 | KQ31: 0.015389506 | KR31: 0.016847535 | KS31: 0.018394312 | KT31: 0.019808304 | KU31: 0.021118079 | KV31: 0.022366295
A32: 37 | B32: R031 | C32: PAK | D32: 224 | E32: 346.93878 | F32: 8.8 | G32: 59 | H32: 0.019788902 | I32: 0.019720781 | J32: 0.019743899 | K32: 0.019758168 | L32: 0.01968214 | M32: 0.019636571 | N32: 0.019647747 | O32: 0.019710046 | P32: 0.019776072 | Q32: 0.019799521 | R32: 0.019771441 | S32: 0.019712268 | T32: 0.019675286 | U32: 0.019671205 | V32: 0.019713549 | W32: 0.019702778 | X32: 0.019771762 | Y32: 0.019829152 | Z32: 0.019884388 | AA32: 0.019951433 | AB32: 0.019998122 | AC32: 0.020081557 | AD32: 0.020124254 | AE32: 0.020183254 | AF32: 0.020204435 | AG32: 0.020244958 | AH32: 0.020283633 | AI32: 0.020303612 | AJ32: 0.020334593 | AK32: 0.020350343 | AL32: 0.020395663 | AM32: 0.02041706 | AN32: 0.020459307 | AO32: 0.020508858 | AP32: 0.020552156 | AQ32: 0.020597577 | AR32: 0.020593494 | AS32: 0.020620829 | AT32: 0.020618017 | AU32: 0.020631228 | AV32: 0.020639656 | AW32: 0.020637466 | AX32: 0.02064881 | AY32: 0.020663025 | AZ32: 0.02071148 | BA32: 0.020789207 | BB32: 0.020890861 | BC32: 0.021001618 | BD32: 0.021124355 | BE32: 0.021250253 | BF32: 0.021378762 | BG32: 0.021508871 | BH32: 0.021625602 | BI32: 0.021731198 | BJ32: 0.021818332 | BK32: 0.021893456 | BL32: 0.021963289 | BM32: 0.022033712 | BN32: 0.022079581 | BO32: 0.022121539 | BP32: 0.022115168 | BQ32: 0.022095472 | BR32: 0.022095116 | BS32: 0.022116477 | BT32: 0.022144534 | BU32: 0.022136753 | BV32: 0.022121696 | BW32: 0.022086249 | BX32: 0.022081887 | BY32: 0.022064775 | BZ32: 0.022031255 | CA32: 0.022013041 | CB32: 0.021987717 | CC32: 0.021974585 | CD32: 0.021935439 | CE32: 0.021902292 | CF32: 0.021864213 | CG32: 0.021825421 | CH32: 0.021787403 | CI32: 0.021742338 | CJ32: 0.021721982 | CK32: 0.021680813 | CL32: 0.021649026 | CM32: 0.021603258 | CN32: 0.021570548 | CO32: 0.021542094 | CP32: 0.021512372 | CQ32: 0.021490004 | CR32: 0.021459191 | CS32: 0.021431906 | CT32: 0.021393343 | CU32: 0.021363391 | CV32: 0.02133118 | CW32: 0.021292081 | CX32: 0.021234002 | CY32: 0.021173606 | CZ32: 0.021105165 | DA32: 0.021034848 | DB32: 0.020954198 | DC32: 0.020874166 | DD32: 0.020792575 | DE32: 0.020717963 | DF32: 0.020664342 | DG32: 0.020589522 | DH32: 0.020539111 | DI32: 0.020468336 | DJ32: 0.020406102 | DK32: 0.02032875 | DL32: 0.020263114 | DM32: 0.020209566 | DN32: 0.020141726 | DO32: 0.020107307 | DP32: 0.020043773 | DQ32: 0.020011988 | DR32: 0.019965167 | DS32: 0.019930062 | DT32: 0.01990706 | DU32: 0.019886615 | DV32: 0.019879856 | DW32: 0.019837922 | DX32: 0.019838081 | DY32: 0.019822068 | DZ32: 0.019826308 | EA32: 0.019824598 | EB32: 0.019806821 | EC32: 0.019815565 | ED32: 0.019759549 | EE32: 0.019756373 | EF32: 0.019726061 | EG32: 0.019715094 | EH32: 0.019684714 | EI32: 0.019668874 | EJ32: 0.019676717 | EK32: 0.019645144 | EL32: 0.01967304 | EM32: 0.01963648 | EN32: 0.019665177 | EO32: 0.019668131 | EP32: 0.019688947 | EQ32: 0.019707004 | ER32: 0.019704751 | ES32: 0.019701521 | ET32: 0.019640574 | EU32: 0.019646132 | EV32: 0.019587729 | EW32: 0.019557535 | EX32: 0.019528651 | EY32: 0.019499448 | EZ32: 0.019505397 | FA32: 0.019471102 | FB32: 0.019449198 | FC32: 0.019393981 | FD32: 0.019363355 | FE32: 0.019327243 | FF32: 0.019263348 | FG32: 0.019211659 | FH32: 0.019124721 | FI32: 0.019087017 | FJ32: 0.018991346 | FK32: 0.018916681 | FL32: 0.018819633 | FM32: 0.018731889 | FN32: 0.018644578 | FO32: 0.018491795 | FP32: 0.01836379 | FQ32: 0.018177051 | FR32: 0.018036308 | FS32: 0.017873093 | FT32: 0.017751756 | FU32: 0.017659892 | FV32: 0.017589153 | FW32: 0.017551734 | FX32: 0.017482105 | FY32: 0.017467366 | FZ32: 0.017438657 | GA32: 0.017413097 | GB32: 0.017376996 | GC32: 0.017340686 | GD32: 0.017338466 | GE32: 0.017267193 | GF32: 0.017268295 | GG32: 0.017202354 | GH32: 0.017182895 | GI32: 0.017166655 | GJ32: 0.017169309 | GK32: 0.017175501 | GL32: 0.017113706 | GM32: 0.017122793 | GN32: 0.017130552 | GO32: 0.017120464 | GP32: 0.017137284 | GQ32: 0.01713049 | GR32: 0.017150498 | GS32: 0.017127462 | GT32: 0.017146276 | GU32: 0.017108354 | GV32: 0.017135809 | GW32: 0.017150351 | GX32: 0.017161992 | GY32: 0.017183901 | GZ32: 0.017179474 | HA32: 0.017207363 | HB32: 0.017219366 | HC32: 0.01724946 | HD32: 0.017278021 | HE32: 0.017205257 | HF32: 0.017159493 | HG32: 0.01714643 | HH32: 0.01715565 | HI32: 0.017130789 | HJ32: 0.017115098 | HK32: 0.017011091 | HL32: 0.017083016 | HM32: 0.016999924 | HN32: 0.01670745 | HO32: 0.016587855 | HP32: 0.016428965 | HQ32: 0.016339651 | HR32: 0.016256679 | HS32: 0.016203465 | HT32: 0.016124548 | HU32: 0.016072105 | HV32: 0.016008462 | HW32: 0.015903161 | HX32: 0.015843075 | HY32: 0.015767554 | HZ32: 0.015762094 | IA32: 0.015778644 | IB32: 0.015744034 | IC32: 0.015648749 | ID32: 0.015538249 | IE32: 0.015470046 | IF32: 0.015363257 | IG32: 0.015287697 | IH32: 0.015277666 | II32: 0.015216834 | IJ32: 0.015130427 | IK32: 0.014998903 | IL32: 0.014887724 | IM32: 0.014745407 | IN32: 0.014601982 | IO32: 0.014374296 | IP32: 0.014277462 | IQ32: 0.014178533 | IR32: 0.014102095 | IS32: 0.013999382 | IT32: 0.013972375 | IU32: 0.013875217 | IV32: 0.013676954 | IW32: 0.013565495 | IX32: 0.013425404 | IY32: 0.01329913 | IZ32: 0.013174931 | JA32: 0.013041473 | JB32: 0.012824909 | JC32: 0.012584811 | JD32: 0.012442074 | JE32: 0.012268407 | JF32: 0.012077864 | JG32: 0.011922775 | JH32: 0.011819589 | JI32: 0.011772569 | JJ32: 0.011693625 | JK32: 0.011684133 | JL32: 0.011671667 | JM32: 0.01162282 | JN32: 0.011488111 | JO32: 0.011361268 | JP32: 0.011206585 | JQ32: 0.011015745 | JR32: 0.010788198 | JS32: 0.010589745 | JT32: 0.010320905 | JU32: 0.010049783 | JV32: 0.0097132195 | JW32: 0.0093665561 | JX32: 0.0089944063 | JY32: 0.0086295298 | JZ32: 0.0083553613 | KA32: 0.0081237007 | KB32: 0.0079466097 | KC32: 0.0077097733 | KD32: 0.0075377507 | KE32: 0.0075074686 | KF32: 0.0074748434 | KG32: 0.0074781013 | KH32: 0.0075116152 | KI32: 0.007580703 | KJ32: 0.0078378589 | KK32: 0.0082038456 | KL32: 0.0087149613 | KM32: 0.0093629544 | KN32: 0.010417678 | KO32: 0.011545262 | KP32: 0.013087707 | KQ32: 0.014717326 | KR32: 0.016490285 | KS32: 0.018080826 | KT32: 0.019591052 | KU32: 0.021096342 | KV32: 0.022339802
